0	2548.000000	2614.000000	2635.000000	2577.000000	2583.000000	2583.000000	2567.000000	2598.000000	2327.000000	
1	2548.000000	2613.998779	2634.998779	2576.998779	2582.997559	2582.996338	2567.001221	2597.995117	2326.996338	
2	2548.010010	2613.000000	2634.003906	2576.013916	2581.001953	2580.003906	2567.996094	2594.003906	2324.000000	
3	2553.000000	2612.997559	2635.995117	2582.992676	2581.990234	2581.985352	2566.004883	2595.995117	2324.004883	
4	2553.003174	2612.000000	2634.009277	2580.009277	2578.009277	2576.003174	2568.000000	2594.006104	2326.015381	
5	2554.000000	2611.995361	2637.000000	2583.000000	2580.990723	2577.000000	2567.995361	2595.981689	2330.981689	
6	2553.993408	2611.006592	2636.980469	2583.000000	2579.026123	2577.000000	2567.013184	2592.045654	2327.032715	
7	2552.990967	2612.009033	2634.009033	2582.964111	2583.009033	2576.990967	2568.981934	2598.973145	2331.990967	
8	2552.024658	2613.012451	2634.950439	2579.037109	2584.049561	2576.049561	2566.975342	2596.000000	2331.024658	
9	2553.983154	2613.983154	2630.865234	2581.865234	2587.966309	2579.966309	2564.983154	2596.000000	2332.949463	
10	2552.956055	2612.978027	2623.065918	2574.043945	2586.021973	2578.000000	2564.000000	2596.021973	2329.978027	
11	2551.000000	2611.944824	2625.917236	2575.944824	2586.889648	2578.027588	2564.000000	2596.917236	2329.027588	
12	2551.101318	2610.000000	2622.864990	2574.270020	2583.000000	2579.000000	2564.135010	2594.033691	2329.966309	
13	2554.242188	2609.959717	2619.000000	2581.959717	2583.080811	2579.080811	2568.040283	2594.959717	2328.959717	
14	2560.188965	2609.094482	2619.094482	2581.000000	2585.094482	2581.141846	2568.952637	2594.047363	2327.952637	
15	2564.000000	2611.109131	2620.945557	2580.945557	2586.836426	2584.109131	2567.890869	2595.109131	2327.000000	
16	2564.000000	2613.124268	2620.310791	2579.689209	2584.124268	2585.875732	2566.062256	2597.000000	2326.937744	
17	2563.929688	2614.719238	2625.140381	2575.000000	2585.789307	2583.789307	2567.000000	2596.789307	2325.929688	
18	2562.375244	2611.234375	2627.312256	2574.843750	2582.843750	2580.921875	2567.078125	2594.156250	2324.921875	
19	2555.000000	2613.914307	2630.828613	2573.171387	2581.257080	2580.000000	2567.828613	2596.085693	2324.342773	
20	2554.069336	2613.000000	2629.093018	2574.906982	2584.000000	2579.534668	2565.906982	2596.906982	2327.906982	
21	2545.100586	2612.899414	2630.200928	2574.000000	2584.100586	2574.698486	2565.100586	2596.000000	2327.000000	
22	2546.540283	2612.108154	2632.324219	2574.216064	2585.324219	2572.324219	2566.432373	2596.324219	2326.891846	
23	2551.230957	2612.884521	2635.000000	2575.884521	2588.230957	2575.346436	2569.538086	2598.769043	2326.230957	
24	2554.346191	2612.122314	2635.122314	2575.856689	2589.877686	2578.611816	2566.122314	2597.000000	2328.122314	
25	2564.256836	2613.128418	2635.871582	2582.256836	2589.128418	2583.000000	2566.743164	2597.000000	2328.486572	
26	2566.000000	2613.597656	2635.268066	2584.670410	2589.329590	2583.000000	2565.268066	2597.268066	2325.536377	
27	2566.278564	2611.417969	2636.860596	2589.000000	2584.860596	2582.860596	2566.860596	2598.582031	2328.860596	
28	2566.843262	2613.566162	2635.277100	2589.289307	2583.421631	2581.855469	2565.855469	2596.722900	2328.144531	
29	2559.700684	2610.551025	2630.551025	2590.551025	2580.299316	2580.251709	2564.551025	2600.551025	2329.299316	
30	2557.380859	2608.464355	2628.000000	2587.690430	2582.928711	2576.619141	2562.000000	2598.154785	2330.690430	
31	2554.319824	2610.200195	2626.720459	2585.200195	2587.680176	2579.680176	2562.319824	2598.840088	2329.000000	
32	2556.000000	2606.992920	2620.331055	2580.503418	2586.992920	2578.496582	2564.662109	2597.337891	2328.834473	
33	2556.685547	2611.657227	2622.000000	2577.828613	2591.657227	2580.485840	2567.828613	2593.657227	2328.000000	
34	2559.646240	2610.353760	2622.707275	2575.938965	2590.176758	2578.000000	2567.353760	2592.176758	2327.646240	
35	2558.363525	2611.636475	2626.545166	2570.636475	2591.000000	2577.273193	2568.636475	2592.636475	2326.181641	
36	2560.000000	2611.119385	2630.492676	2570.119385	2591.932861	2575.306152	2568.119385	2591.746338	2327.186523	
37	2560.000000	2615.617432	2636.808594	2574.426025	2596.382568	2580.234863	2572.426025	2594.426025	2327.426025	
38	2559.411133	2613.214844	2635.803711	2572.000000	2597.214844	2577.588867	2569.607422	2592.392578	2325.588867	
39	2556.395752	2610.402832	2634.798584	2572.402832	2592.993164	2580.201416	2567.798584	2594.604248	2327.597168	
40	2554.825195	2612.206299	2634.825195	2574.618896	2587.968262	2583.063232	2567.412598	2598.444336	2326.206299	
41	2557.788330	2612.788330	2637.576904	2577.211670	2583.153809	2590.153809	2568.576904	2603.788330	2327.211670	
42	2556.131348	2612.217285	2635.348389	2578.868652	2579.131348	2587.217285	2567.434326	2603.000000	2328.217285	
43	2552.554688	2612.777344	2633.000000	2580.886475	2577.113525	2588.222656	2568.332031	2603.445312	2328.554688	
44	2549.859375	2612.000000	2631.859375	2576.315674	2581.684326	2587.175049	2566.228027	2603.175049	2327.456299	
45	2546.700684	2612.467041	2627.065674	2574.700684	2582.832031	2580.065674	2566.766357	2596.766357	2329.467041	
46	2549.000000	2613.283203	2623.522217	2576.522217	2581.150635	2576.044189	2566.000000	2595.283203	2330.522217	
47	2548.511230	2611.488770	2622.000000	2575.000000	2587.267090	2573.000000	2566.732910	2592.511230	2328.511230	
48	2546.749756	2612.499512	2622.250244	2575.000000	2585.250244	2573.750732	2569.000000	2590.749756	2327.250244	
49	2546.513184	2611.256592	2622.486816	2574.743408	2585.486816	2576.000000	2567.460693	2590.769531	2327.743408	
50	2548.525879	2610.947998	2621.262939	2573.737061	2583.737061	2577.577881	2563.788818	2593.788818	2327.000000	
51	2551.076416	2608.538330	2622.807373	2573.269043	2582.192627	2581.730957	2565.461670	2596.807373	2326.730957	
52	2555.376709	2610.826172	2626.652100	2574.826172	2580.275391	2581.275391	2565.101562	2600.652100	2326.275391	
53	2558.717529	2612.152832	2630.152832	2576.435303	2580.717529	2580.870605	2567.435303	2604.435303	2327.282471	
54	2558.290283	2610.290283	2628.290283	2575.580566	2581.741455	2576.839111	2566.290283	2603.000000	2327.419434	
55	2559.596924	2612.194092	2628.104492	2576.701416	2585.104492	2572.507324	2567.298584	2602.104492	2326.895508	
56	2560.385986	2614.079102	2627.228027	2575.079102	2584.534912	2569.920898	2568.000000	2599.693115	2329.614014	
57	2559.630615	2611.684814	2631.576416	2573.630615	2588.315186	2571.054199	2567.054199	2598.369385	2330.369385	
58	2559.707031	2611.969727	2635.969727	2575.969727	2588.676758	2569.969727	2565.646484	2597.323242	2329.646484	
59	2555.675781	2612.675781	2638.331055	2577.668945	2588.000000	2571.668945	2566.668945	2596.013428	2331.662109	
60	2551.982422	2610.000000	2639.000000	2578.017578	2586.982422	2573.713379	2566.339111	2591.321777	2331.304199	
61	2550.695068	2610.347412	2638.652588	2580.347412	2583.610107	2578.304932	2566.304932	2589.304932	2328.347412	
62	2551.288818	2611.711182	2635.866455	2581.000000	2581.000000	2580.200195	2566.066650	2587.288818	2328.644531	
63	2549.636719	2612.636719	2632.000000	2580.636719	2579.547119	2584.547119	2568.363281	2585.273438	2327.636719	
64	2549.740967	2612.000000	2632.000000	2580.000000	2578.111572	2581.259033	2569.740967	2584.740967	2327.370605	
65	2551.377441	2613.510010	2630.112549	2579.622559	2580.000000	2580.377441	2569.112549	2586.000000	2328.377441	
66	2554.305908	2614.078369	2627.768555	2577.846924	2581.537354	2579.078369	2568.305908	2586.000000	2327.462646	
67	2558.391113	2612.173584	2627.043945	2576.782471	2584.782471	2574.826416	2570.043945	2586.782471	2326.956055	
68	2558.204102	2613.602051	2624.397949	2578.795898	2587.989746	2574.193848	2568.193848	2590.785645	2330.000000	
69	2556.595459	2613.809326	2625.000000	2578.381348	2588.976807	2575.595459	2568.381348	2595.404541	2331.213867	
70	2555.588135	2613.353027	2627.058838	2576.000000	2587.235352	2576.646973	2567.235352	2598.058838	2331.353027	
71	2556.257568	2612.257568	2630.419189	2575.580811	2587.742432	2580.257568	2567.742432	2601.419189	2330.257568	
72	2558.427246	2613.572754	2632.281738	2575.000000	2585.145508	2581.572754	2566.000000	2602.427246	2330.291016	
73	2557.691895	2611.255859	2633.127930	2573.691895	2582.255859	2580.127930	2566.436035	2602.563965	2328.872070	
74	2556.000000	2609.891846	2629.770508	2574.675537	2580.000000	2578.108154	2565.662354	2599.770508	2328.216309	
75	2556.456543	2611.456543	2626.086914	2577.086914	2578.173828	2574.717041	2564.913086	2595.173828	2327.369629	
76	2556.064941	2611.532471	2625.935059	2574.129639	2578.805420	2573.402832	2566.000000	2589.727051	2327.597168	
77	2554.521484	2610.042725	2623.649902	2574.393066	2580.564209	2575.957275	2566.957275	2586.957275	2326.000000	
78	2553.020508	2609.979492	2620.979492	2577.979492	2580.958984	2576.020508	2567.510254	2588.489746	2325.020508	
79	2553.001953	2609.497314	2621.499023	2580.001953	2585.003662	2575.000000	2567.500977	2588.499023	2325.001953	
80	2555.535645	2610.047607	2625.094971	2582.535645	2589.047607	2574.488037	2565.952393	2591.583008	2326.000000	
81	2560.659180	2613.045410	2631.091064	2584.000000	2590.477295	2573.477295	2565.045410	2595.522705	2327.568115	
82	2562.398438	2614.000000	2635.135254	2582.398438	2590.000000	2573.533936	2566.000000	2597.601562	2329.000000	
83	2563.181152	2612.909424	2635.364258	2577.183105	2590.000000	2575.635742	2564.909424	2597.364258	2329.545166	
84	2565.000000	2611.443115	2632.329346	2572.329346	2590.000000	2578.113770	2565.670654	2593.772705	2328.329346	
85	2565.568115	2609.295410	2630.431885	2569.295410	2588.295410	2579.000000	2565.295410	2588.022461	2328.704590	
86	2564.262695	2610.316406	2626.525146	2568.579102	2588.158203	2581.895752	2564.579102	2585.579102	2330.000000	
87	2564.179443	2612.000000	2624.000000	2567.230713	2587.230713	2582.820557	2563.820557	2584.230713	2330.589844	
88	2564.399658	2612.000000	2624.600342	2567.801025	2587.200684	2586.202393	2564.801025	2584.801025	2329.799316	
89	2563.389404	2611.389404	2626.221436	2570.221436	2586.778564	2585.946533	2566.000000	2586.000000	2329.610596	
90	2559.895996	2611.620850	2628.862305	2572.862305	2587.241455	2583.379150	2568.483154	2589.104004	2329.379150	
91	2559.262451	2612.631104	2631.262451	2575.893555	2588.631104	2581.737549	2569.368896	2592.893555	2329.000000	
92	2557.431641	2613.000000	2636.494629	2575.715820	2596.062744	2578.431641	2571.568359	2595.926270	2329.642090	
93	2554.693604	2614.306396	2635.734131	2572.387207	2598.693604	2576.346924	2567.774658	2595.693604	2330.000000	
94	2552.671387	2613.007324	2634.664307	2572.992676	2596.671387	2576.664307	2565.664307	2595.664307	2329.335693	
95	2553.350586	2612.675293	2632.973877	2574.675293	2592.623291	2575.649414	2565.324707	2594.649414	2328.324707	
96	2556.059570	2610.940430	2627.880615	2577.059570	2588.940430	2576.373047	2564.313477	2596.059570	2328.000000	
97	2559.791016	2613.488770	2628.093262	2578.000000	2588.000000	2572.813477	2563.302246	2595.604492	2327.302246	
98	2561.708984	2613.581787	2629.000000	2582.254639	2587.291016	2571.708984	2565.127197	2598.545410	2327.000000	
99	2562.000000	2612.279053	2629.720947	2584.000000	2584.116455	2574.162598	2564.558105	2600.000000	2328.441895	
100	2562.000000	2611.266602	2629.266602	2581.066650	2581.533203	2577.933350	2566.199951	2600.733398	2329.000000	
101	2558.267090	2611.000000	2628.253418	2579.253418	2580.253418	2579.746582	2566.253418	2599.506836	2329.000000	
102	2554.718262	2611.760498	2631.802979	2575.957764	2580.760498	2580.760498	2567.521240	2599.000000	2330.521240	
103	2553.225098	2612.000000	2635.324951	2575.000000	2578.675049	2581.774902	2568.774902	2599.000000	2331.000000	
104	2551.420410	2612.789795	2638.369385	2574.210205	2581.948975	2582.789795	2569.000000	2600.579590	2330.210205	
105	2550.195312	2614.609619	2635.781006	2572.390381	2580.585693	2579.781006	2567.390381	2601.000000	2330.804688	
106	2548.360107	2611.720215	2635.819824	2576.099609	2580.000000	2580.639893	2567.000000	2600.180176	2330.180176	
107	2548.834473	2610.165527	2635.165527	2572.827637	2580.000000	2579.331055	2566.165527	2597.496582	2330.834473	
108	2546.454346	2609.151367	2634.151367	2577.939697	2582.545654	2579.848633	2565.151367	2596.151367	2330.151367	
109	2546.000000	2609.862061	2635.724121	2576.413818	2580.413818	2578.275879	2566.724121	2589.965332	2330.000000	
110	2547.750977	2610.000000	2632.498047	2572.498047	2586.128418	2578.000000	2567.000000	2591.626465	2328.249023	
111	2548.888672	2610.888672	2626.668701	2576.442871	2586.111328	2574.445801	2564.334229	2594.665771	2328.000000	
112	2556.212891	2614.606445	2630.508057	2577.000000	2591.409668	2577.606445	2564.901611	2597.704834	2328.000000	
113	2559.741943	2612.258057	2630.085938	2574.258057	2591.085938	2578.914062	2564.085938	2596.172119	2329.827881	
114	2560.000000	2612.000000	2633.701904	2574.925537	2591.000000	2577.148926	2567.701904	2598.776367	2330.000000	
115	2560.000000	2612.000000	2636.808350	2576.872314	2584.447266	2575.127686	2566.127686	2599.936035	2330.000000	
116	2560.000000	2612.946045	2634.161865	2580.783936	2583.053955	2578.783936	2571.676025	2598.107910	2330.000000	
117	2562.868408	2610.131592	2637.824463	2583.868408	2580.131592	2576.131592	2568.175537	2596.087891	2330.956055	
118	2559.133545	2613.866455	2639.933105	2586.899658	2578.066895	2579.866455	2567.033447	2596.966553	2330.033447	
119	2559.000000	2613.022705	2640.000000	2587.000000	2576.045410	2577.068115	2568.954590	2594.068115	2330.977295	
120	2559.000000	2614.976562	2641.976562	2583.046631	2578.964844	2578.976562	2569.988281	2593.011719	2331.988281	
121	2558.000977	2612.003174	2639.003174	2582.000977	2575.004150	2576.003174	2565.005127	2591.001953	2330.001953	
122	2558.990723	2612.018555	2637.981445	2577.972168	2578.000000	2578.972168	2566.990723	2592.990723	2330.990723	
123	2557.980225	2613.980225	2636.000000	2574.980225	2578.197998	2576.079102	2566.039551	2592.039551	2329.920898	
124	2556.969238	2612.969238	2635.876709	2574.030762	2588.000000	2580.000000	2568.061523	2594.061523	2326.061523	
125	2556.000000	2612.042236	2632.084717	2575.000000	2588.253906	2580.000000	2570.000000	2596.253906	2328.000000	
126	2555.619141	2612.891113	2633.673584	2575.000000	2594.000000	2579.891113	2570.000000	2601.891113	2328.000000	
127	2549.066895	2611.200439	2628.467529	2575.400635	2594.066895	2578.066895	2570.066895	2600.133545	2328.133545	
128	2549.760254	2613.840088	2634.760254	2580.600342	2594.520264	2579.079834	2570.680176	2602.239746	2330.079834	
129	2546.720215	2612.000000	2632.559814	2576.186523	2589.000000	2580.000000	2567.279785	2604.813477	2330.906738	
130	2544.319336	2612.000000	2638.000000	2577.787109	2588.680664	2580.106445	2569.787109	2603.106445	2329.787109	
131	2546.761230	2611.880615	2637.880615	2576.000000	2585.642090	2581.238770	2567.642090	2603.164795	2328.000000	
132	2545.000000	2611.132080	2636.471680	2575.603760	2583.132080	2583.132080	2564.735840	2597.000000	2327.735840	
133	2545.868652	2611.855225	2633.000000	2573.434326	2584.144775	2584.579102	2563.579102	2597.723877	2326.144775	
134	2551.787842	2611.157471	2633.157471	2576.472656	2585.157471	2587.369629	2566.527344	2601.842529	2327.000000	
135	2556.170166	2612.170166	2633.489746	2578.319580	2586.510254	2584.170166	2564.680420	2601.850586	2327.000000	
136	2557.365479	2613.182617	2630.817383	2575.365479	2588.817383	2584.817383	2567.269287	2606.182617	2325.903809	
137	2558.804688	2613.414062	2630.195312	2576.023438	2588.390625	2582.828125	2564.585938	2606.023438	2321.976562	
138	2558.624268	2611.416016	2630.583984	2572.416016	2589.791992	2576.959717	2566.791992	2601.583984	2326.208008	
139	2560.338135	2612.779297	2629.441162	2575.103271	2589.000000	2572.779297	2566.000000	2599.338135	2327.441162	
140	2556.367920	2611.533691	2631.233154	2578.766846	2589.233154	2572.000000	2566.466309	2596.300537	2328.533691	
141	2551.735840	2609.509521	2633.471436	2578.980957	2589.019043	2573.226318	2567.754639	2592.773682	2327.735840	
142	2554.000000	2608.514648	2637.228027	2581.742676	2584.456055	2577.771973	2566.485352	2588.228027	2330.514648	
143	2555.077881	2610.808594	2635.808594	2581.000000	2580.000000	2580.539062	2565.269531	2587.077881	2332.269531	
144	2557.718018	2612.154053	2636.589844	2580.154053	2580.000000	2581.154053	2565.154053	2589.718018	2332.154053	
145	2558.178223	2610.000000	2634.178223	2578.000000	2580.000000	2579.883789	2563.589111	2589.883789	2331.178223	
146	2561.000000	2610.614990	2636.077637	2575.540283	2580.922363	2581.077637	2565.307373	2592.614990	2333.692627	
147	2561.640869	2612.640869	2634.961182	2569.679688	2583.000000	2581.242920	2566.640869	2594.000000	2332.679688	
148	2561.665283	2612.665283	2636.666260	2566.998047	2581.999023	2585.332764	2567.332764	2592.665283	2332.333740	
149	2558.305420	2610.694580	2636.347412	2564.389404	2580.000000	2584.694580	2567.736572	2590.000000	2331.958008	
150	2557.000000	2611.638428	2637.723389	2566.276611	2580.361572	2587.084961	2569.553223	2590.361572	2330.361572	
151	2554.741699	2611.000000	2638.623535	2566.129150	2580.623535	2589.752686	2567.000000	2589.870850	2330.247314	
152	2550.217529	2609.826416	2637.608887	2568.000000	2580.000000	2590.608887	2565.435303	2589.173584	2327.435303	
153	2547.784668	2608.810303	2634.974365	2568.810303	2580.810303	2589.189697	2564.620361	2591.810303	2326.620361	
154	2547.253662	2610.000000	2631.164307	2572.089355	2582.417969	2584.239014	2565.746338	2593.835693	2329.000000	
155	2549.000000	2611.289795	2629.570068	2577.579590	2585.579590	2578.570068	2565.719727	2595.859863	2327.710205	
156	2549.441895	2612.558105	2628.115967	2580.115967	2588.115967	2576.231934	2566.231934	2598.325928	2327.768066	
157	2550.454346	2612.000000	2629.726074	2580.363037	2587.454346	2573.091309	2566.271729	2600.908691	2330.454346	
158	2549.599854	2611.533203	2632.533203	2581.533203	2588.466797	2573.866699	2567.133301	2602.933350	2329.133301	
159	2548.957275	2611.478516	2632.957275	2579.564209	2587.564209	2576.478516	2566.914551	2603.042725	2327.478516	
160	2550.000000	2612.000000	2635.469482	2577.020508	2584.040771	2576.510254	2567.040771	2601.020508	2329.959229	
161	2550.000000	2610.500244	2637.000000	2574.000244	2583.499756	2576.500000	2565.000000	2598.500244	2329.000488	
162	2550.509033	2609.509033	2637.000000	2571.490967	2583.981689	2577.000000	2565.509033	2595.981689	2326.000000	
163	2551.517334	2611.552246	2634.930420	2569.447754	2585.069580	2579.069580	2566.517334	2595.517334	2327.552246	
164	2549.899414	2609.849365	2631.424561	2566.949707	2586.474854	2579.424561	2566.474854	2594.424561	2326.899414	
165	2549.065674	2609.131348	2628.934326	2566.000000	2587.598633	2578.000000	2566.000000	2592.467041	2327.664307	
166	2551.081055	2611.000000	2626.918945	2565.459473	2589.000000	2578.000000	2566.000000	2593.621582	2328.378418	
167	2551.451660	2613.193115	2623.258545	2566.096680	2587.355225	2578.548340	2566.548340	2592.258545	2327.000000	
168	2550.443848	2613.887695	2619.331543	2568.668457	2583.219238	2578.443848	2565.887695	2590.556152	2328.112305	
169	2552.255615	2611.872070	2618.563965	2570.563965	2581.563965	2580.819580	2565.563965	2589.308350	2327.872070	
170	2557.428711	2611.000000	2619.000000	2571.571533	2581.428467	2580.714111	2565.428467	2586.285645	2325.857178	
171	2561.737305	2611.579102	2623.632812	2573.737305	2582.158203	2579.579102	2566.737305	2588.474609	2326.158203	
172	2565.932861	2610.826904	2625.826904	2575.586670	2583.586670	2580.000000	2566.240234	2588.067139	2328.759766	
173	2570.373047	2610.593262	2626.779785	2575.406738	2586.373047	2580.000000	2567.966309	2590.152832	2329.406738	
174	2571.400879	2610.400879	2626.801514	2572.004150	2589.797607	2581.198486	2567.603271	2591.202393	2329.000000	
175	2570.394775	2610.605225	2629.025879	2572.420898	2594.025879	2582.000000	2567.815674	2591.210449	2327.184326	
176	2568.164795	2611.611816	2629.776611	2569.717773	2592.329590	2580.164795	2567.776611	2591.388184	2327.835205	
177	2562.665771	2610.761719	2631.476562	2567.619141	2589.380859	2581.476562	2567.619141	2593.476562	2329.000000	
178	2559.372559	2610.000000	2631.117676	2568.627441	2589.627441	2581.745117	2566.117676	2596.254883	2329.627441	
179	2555.816650	2609.363281	2631.273438	2570.909912	2588.726562	2582.273438	2565.636719	2600.820068	2331.273438	
180	2554.646484	2610.293213	2630.706787	2573.293213	2587.353516	2580.413818	2564.706787	2604.293213	2332.000000	
181	2553.685547	2609.028320	2628.685547	2575.314453	2586.342773	2579.000000	2566.628906	2608.286133	2330.685547	
182	2553.000000	2609.337646	2628.000000	2573.993408	2587.337646	2578.331055	2568.000000	2608.662354	2330.000000	
183	2551.636963	2611.363037	2628.000000	2575.044678	2588.681641	2581.407715	2570.044678	2605.273926	2329.318359	
184	2552.389404	2610.610596	2628.000000	2576.000000	2587.610596	2580.915771	2568.915771	2601.220947	2327.610596	
185	2550.873779	2612.126221	2630.834961	2577.417480	2589.126221	2583.543701	2565.873779	2597.873779	2326.291260	
186	2549.276123	2613.000000	2630.552490	2576.552490	2590.723877	2585.723877	2565.723877	2597.000000	2326.723877	
187	2547.519531	2613.000000	2634.441406	2577.480469	2591.740234	2581.558594	2565.259766	2595.519531	2326.259766	
188	2545.485352	2613.000000	2633.728027	2576.485352	2591.242676	2578.485352	2565.000000	2595.000000	2325.242676	
189	2544.224854	2612.224854	2636.875488	2579.100586	2591.775146	2580.325439	2567.325439	2597.325439	2324.224854	
190	2546.379395	2610.413574	2636.413574	2579.206787	2588.034180	2579.413574	2564.827393	2597.206787	2327.172607	
191	2547.000000	2611.622803	2636.000000	2580.622803	2585.377197	2577.377197	2568.056885	2596.188721	2328.811279	
192	2549.486816	2612.828857	2636.828857	2576.026123	2582.513184	2578.657959	2563.197266	2598.486816	2329.828857	
193	2555.079834	2613.000000	2639.539795	2575.846680	2582.000000	2577.306641	2566.233154	2596.460205	2329.153320	
194	2557.728027	2610.407715	2637.407715	2577.728027	2582.864014	2577.000000	2567.000000	2596.000000	2331.592285	
195	2561.528320	2611.764160	2637.000000	2574.471680	2579.471680	2577.000000	2567.000000	2593.353760	2332.000000	
196	2562.000000	2612.000000	2636.100098	2574.899902	2576.300293	2577.899902	2566.100098	2588.500488	2330.200195	
197	2560.163574	2612.918213	2636.918213	2575.918213	2576.000000	2579.836426	2570.591309	2589.836426	2330.000000	
198	2556.255615	2613.000000	2637.936035	2575.063965	2575.063965	2579.063965	2568.191895	2590.000000	2327.191895	
199	2554.092773	2612.046387	2632.278320	2573.092773	2577.860840	2577.092773	2566.092773	2590.953613	2325.092773	
200	2549.149414	2611.029785	2631.029785	2571.059814	2583.820557	2577.000000	2565.029785	2586.149414	2326.940186	
201	2551.958984	2611.986328	2631.000000	2573.958984	2590.904053	2572.068604	2565.000000	2588.958984	2326.013672	
202	2554.005371	2612.005371	2626.006836	2572.008057	2593.010742	2568.005371	2565.001465	2589.006836	2329.000000	
203	2557.951660	2615.951660	2631.000000	2577.935303	2600.967773	2572.000000	2566.000000	2593.935303	2329.048340	
204	2555.148926	2613.000000	2631.119141	2574.208496	2598.970215	2572.029785	2566.000000	2590.119141	2331.970215	
205	2559.782715	2612.956543	2634.956543	2580.782715	2597.826172	2573.000000	2565.956543	2593.913086	2330.956543	
206	2555.000000	2611.943115	2634.056885	2576.284668	2593.430420	2573.284668	2565.114014	2591.829102	2330.170898	
207	2554.575684	2611.000000	2634.787842	2580.929199	2583.929199	2578.000000	2566.929199	2588.787842	2332.929199	
208	2548.580811	2610.916260	2632.167725	2579.916260	2582.664551	2578.335449	2566.000000	2586.083740	2331.832275	
209	2543.903076	2610.000000	2634.194092	2578.612061	2578.805908	2581.903076	2565.805908	2587.387939	2329.903076	
210	2543.000000	2610.109863	2635.670410	2574.670410	2577.659424	2581.329590	2563.890137	2591.219727	2328.780273	
211	2543.000000	2610.876953	2633.000000	2571.753662	2583.246338	2583.507324	2562.876953	2593.492676	2327.369385	
212	2543.545654	2610.545654	2633.000000	2570.409180	2585.682129	2579.727051	2562.272949	2597.682129	2329.590820	
213	2547.000000	2614.000000	2632.547852	2572.849365	2589.547852	2578.301514	2564.150635	2601.246338	2326.698486	
214	2547.994873	2614.497559	2629.834229	2573.160645	2587.829102	2579.834229	2565.497559	2597.000000	2325.331543	
215	2553.000000	2616.455566	2628.818604	2578.455566	2591.455566	2578.818604	2567.637207	2596.455566	2327.725830	
216	2552.015869	2614.000000	2628.000000	2575.803223	2589.196777	2578.787109	2566.787109	2593.409668	2330.409668	
217	2548.212402	2614.000000	2628.000000	2575.000000	2589.363037	2582.212402	2568.938232	2589.938232	2329.061768	
218	2549.227539	2613.544922	2628.227539	2575.227539	2587.000000	2583.909912	2566.137451	2587.364990	2332.090088	
219	2549.757324	2611.757324	2629.000000	2575.757324	2586.514404	2586.514404	2569.271729	2591.271729	2329.728271	
220	2549.257812	2611.257812	2630.031006	2577.835205	2584.742188	2585.257812	2567.257812	2590.031006	2331.484375	
221	2550.546143	2611.453857	2632.453857	2585.726807	2583.453857	2585.180664	2567.726807	2592.180664	2330.000000	
222	2551.711426	2610.865723	2631.288574	2585.000000	2582.865723	2584.443115	2567.000000	2591.154297	2330.000000	
223	2550.087158	2611.782959	2630.174561	2583.782959	2584.087158	2584.957520	2566.391602	2593.087158	2330.000000	
224	2549.918457	2609.319824	2625.680176	2580.360596	2582.639404	2577.680176	2565.319824	2591.319824	2329.360596	
225	2554.335449	2610.000000	2624.664551	2577.322754	2582.993652	2575.322754	2565.664551	2590.658203	2328.000000	
226	2555.000000	2610.000000	2625.402588	2572.948242	2582.402588	2572.350586	2565.350586	2588.000000	2330.103760	
227	2555.730713	2609.634521	2627.634521	2570.269287	2584.269287	2573.000000	2566.000000	2587.634521	2332.173096	
228	2556.619873	2608.619873	2629.280518	2567.859863	2584.140137	2573.760254	2565.619873	2586.619873	2329.000000	
229	2554.418701	2607.604736	2633.790527	2567.581299	2586.000000	2574.209473	2565.000000	2587.976562	2329.000000	
230	2552.000000	2608.644043	2636.232910	2571.232910	2585.177979	2573.000000	2565.000000	2592.232910	2328.589111	
231	2552.000000	2611.000000	2636.719482	2573.853760	2584.853760	2574.280518	2565.426758	2596.134033	2328.426758	
232	2555.096924	2611.884766	2632.787842	2576.327393	2586.000000	2575.557617	2567.327393	2600.769775	2328.557617	
233	2559.000000	2613.458008	2630.000000	2578.916260	2587.374268	2577.748535	2567.625732	2603.916260	2328.458008	
234	2559.948242	2613.525879	2626.681641	2579.525879	2587.577881	2579.577881	2566.000000	2605.474121	2328.051758	
235	2560.019775	2612.509766	2620.549316	2577.039551	2583.549316	2575.549316	2567.470459	2603.059326	2327.000000	
236	2555.964844	2611.494141	2617.494141	2574.494141	2583.023438	2571.482422	2567.988281	2598.988281	2327.505859	
237	2550.393311	2612.563965	2618.563965	2574.000000	2585.521240	2568.957275	2567.521240	2596.436035	2326.957275	
238	2547.463379	2612.926758	2623.219727	2574.536621	2590.292969	2567.463379	2566.926758	2594.463379	2326.000000	
239	2545.344971	2612.000000	2627.103271	2576.103271	2593.448242	2565.896729	2566.551758	2595.103271	2326.551758	
240	2545.133057	2613.133057	2628.566406	2575.866943	2593.566406	2567.266113	2567.000000	2594.300537	2325.866943	
241	2546.581299	2612.837402	2629.000000	2573.837402	2592.256104	2567.837402	2565.837402	2592.418701	2325.581299	
242	2548.192871	2611.403564	2630.789307	2573.596436	2589.210693	2568.789307	2566.789307	2592.000000	2325.403564	
243	2551.445068	2613.445068	2631.388672	2570.332520	2582.498779	2570.611328	2566.777588	2592.611328	2324.388672	
244	2553.625732	2615.000000	2631.000000	2567.374268	2579.000000	2572.877197	2566.000000	2593.000000	2325.251465	
245	2554.000000	2613.080811	2629.720459	2565.720459	2577.720459	2573.360352	2562.801270	2592.360352	2326.639648	
246	2555.307129	2610.039307	2629.000000	2563.692871	2575.692871	2576.267822	2564.921387	2591.346436	2327.000000	
247	2556.000000	2613.001221	2626.999268	2560.999268	2574.333008	2576.666260	2564.999268	2588.999268	2327.000000	
248	2559.398438	2612.960938	2630.077881	2564.077881	2580.116943	2578.039062	2564.000000	2590.039062	2327.679688	
249	2563.073730	2609.926270	2632.000000	2569.456299	2582.308838	2580.382568	2563.308838	2591.000000	2328.000000	
250	2564.701904	2610.403809	2633.403809	2576.614746	2589.018555	2581.701904	2565.105469	2593.105469	2329.403809	
251	2568.556396	2611.000000	2634.711182	2580.422607	2590.577393	2577.732178	2566.711182	2591.866211	2330.711182	
252	2570.720459	2611.000000	2637.161377	2581.000000	2590.000000	2573.838623	2565.559082	2593.881836	2328.838623	
253	2571.000000	2611.000000	2633.617676	2578.078613	2590.730469	2572.269531	2565.000000	2592.808838	2328.000000	
254	2567.294678	2609.517822	2632.740967	2576.259033	2589.517822	2572.000000	2565.000000	2592.000000	2328.000000	
255	2561.491211	2609.751465	2630.745605	2570.739990	2585.242676	2572.000000	2565.751465	2591.248535	2327.248535	
256	2559.238525	2610.000000	2630.761475	2570.523193	2585.523193	2574.284668	2566.761475	2591.761475	2326.238525	
257	2557.456787	2610.000000	2632.543213	2567.913818	2586.000000	2571.142090	2567.771484	2594.314697	2324.456787	
258	2556.217773	2612.346436	2634.564453	2567.000000	2582.089111	2573.128662	2568.000000	2598.128662	2324.000000	
259	2556.000000	2612.205811	2633.411621	2568.588379	2581.000000	2574.794189	2564.029297	2599.000000	2324.794189	
260	2555.191650	2609.574951	2628.958252	2564.958252	2579.383301	2575.808350	2560.574951	2594.149902	2326.616699	
261	2554.174316	2607.348877	2628.000000	2564.000000	2578.174316	2575.174316	2560.825684	2591.348877	2327.000000	
262	2553.154785	2610.380371	2632.225586	2566.535400	2579.690186	2575.845215	2565.225586	2591.000000	2326.154785	
263	2553.865234	2608.404297	2628.673828	2568.730469	2580.000000	2572.539062	2563.404297	2587.539062	2326.000000	
264	2554.000000	2608.886230	2625.341064	2570.772705	2583.545166	2573.772705	2564.772705	2588.772705	2330.431396	
265	2554.000000	2610.815918	2619.552246	2575.539795	2584.000000	2573.092041	2565.907959	2589.907959	2330.092041	
266	2563.307129	2616.584229	2626.445801	2582.515137	2594.238037	2581.376465	2568.792236	2595.584229	2330.930664	
267	2560.186279	2614.139648	2624.139648	2580.139648	2594.046631	2579.139648	2563.279541	2597.906738	2331.000000	
268	2563.906738	2611.070068	2630.836670	2577.070068	2592.046631	2579.976562	2565.929932	2598.976562	2330.023438	
269	2564.997803	2613.000000	2629.003906	2574.998779	2591.998779	2580.999512	2568.000000	2599.001221	2329.000000	
270	2561.077148	2612.922852	2636.025635	2573.000000	2589.871338	2579.974365	2567.922852	2601.025635	2328.948486	
271	2563.795898	2610.102051	2637.255127	2573.204102	2584.846924	2578.846924	2565.102051	2602.051025	2326.948975	
272	2560.077637	2612.077637	2641.767334	2576.922363	2581.844727	2575.844727	2566.922363	2602.844727	2326.155273	
273	2560.790527	2612.790527	2638.581055	2576.000000	2579.895264	2574.104736	2566.000000	2600.476318	2327.895264	
274	2558.735352	2611.529297	2635.000000	2576.000000	2578.867676	2574.867676	2566.000000	2596.000000	2327.132324	
275	2556.203125	2614.681152	2633.884277	2575.521729	2578.478271	2573.840576	2565.840576	2595.203125	2327.681152	
276	2551.069092	2612.069092	2627.441406	2572.069092	2580.069092	2572.813721	2564.255371	2590.069092	2326.186279	
277	2546.788574	2608.845459	2624.577393	2568.211426	2577.268066	2572.000000	2561.845459	2586.211426	2327.845459	
278	2545.529541	2611.764893	2622.294434	2568.529541	2582.235107	2572.000000	2564.529541	2586.529541	2330.764893	
279	2544.257568	2611.257568	2620.772705	2566.484863	2583.515137	2572.000000	2563.257568	2586.287598	2330.515137	
280	2545.000000	2612.279541	2623.558838	2563.882324	2584.161621	2572.279541	2564.000000	2590.000000	2331.720459	
281	2548.301270	2612.699951	2626.800781	2561.600342	2582.300049	2573.000000	2564.300049	2591.800781	2330.399658	
282	2555.361328	2611.680664	2631.958008	2563.319336	2582.680664	2572.041992	2564.680664	2596.000000	2328.680664	
283	2554.674805	2611.337402	2634.337402	2564.674805	2580.987793	2570.000000	2564.000000	2596.337402	2328.674805	
284	2556.710693	2611.644531	2633.222900	2565.289307	2579.355469	2570.355469	2565.421631	2597.710693	2328.222900	
285	2558.000000	2611.000000	2629.627197	2566.610352	2578.508301	2572.864502	2567.627197	2599.000000	2325.372803	
286	2557.610352	2610.220947	2628.610352	2571.389648	2576.000000	2576.779053	2566.610352	2596.662842	2326.000000	
287	2557.809570	2609.404785	2627.595215	2573.214355	2577.619141	2579.214355	2567.619141	2594.214355	2326.809570	
288	2558.161377	2610.838623	2627.419434	2574.580566	2580.838623	2579.322754	2567.483887	2593.483887	2325.903320	
289	2557.000000	2611.566895	2625.834229	2575.299561	2583.732666	2580.032227	2564.866211	2588.700439	2323.866211	
290	2557.893311	2612.786377	2621.213623	2575.213623	2587.786377	2581.320312	2565.553467	2588.339844	2325.893311	
291	2559.459961	2614.079834	2618.079834	2572.540039	2590.459961	2577.540039	2566.840088	2589.540039	2328.380127	
292	2558.578369	2612.526123	2618.421631	2571.526123	2590.526123	2576.526123	2568.052246	2588.526123	2329.052246	
293	2557.975342	2611.512451	2621.950684	2568.561768	2589.512451	2575.512451	2566.512451	2589.950684	2329.462891	
294	2557.496826	2609.496826	2625.002197	2563.995850	2587.997803	2572.995850	2564.496826	2593.002197	2331.500977	
295	2555.485840	2609.542236	2630.626709	2562.000000	2585.457764	2573.570557	2564.028076	2596.570557	2331.485840	
296	2553.418945	2611.000000	2633.946045	2561.472900	2581.892090	2574.418945	2564.472900	2599.527100	2331.000000	
297	2553.080322	2609.919678	2636.781006	2563.160645	2579.459961	2575.160645	2564.540039	2600.540039	2330.459961	
298	2553.446289	2610.107422	2638.892578	2565.000000	2579.553711	2577.000000	2563.892578	2600.446289	2330.000000	
299	2555.272217	2611.000000	2640.272217	2568.408447	2580.000000	2578.704102	2565.272217	2601.136230	2331.136230	
300	2558.748535	2611.000000	2640.834229	2571.582764	2579.417236	2582.331299	2565.834229	2599.085938	2328.502930	
301	2564.184570	2611.000000	2641.195557	2576.184570	2583.184570	2584.597900	2566.793457	2595.804443	2327.793457	
302	2568.226074	2611.613037	2641.386963	2579.613037	2584.773926	2583.160889	2566.773926	2592.547852	2329.000000	
303	2566.484863	2610.742432	2640.371338	2581.886230	2584.628662	2583.257568	2565.371338	2591.000000	2329.000000	
304	2565.000000	2610.000000	2636.776855	2579.132324	2585.000000	2580.776855	2565.644531	2592.289307	2328.355469	
305	2561.037354	2610.000000	2635.660400	2576.339600	2585.000000	2576.358398	2565.339600	2594.320801	2328.660400	
306	2556.295898	2611.352051	2636.676025	2577.352051	2587.704102	2574.323975	2565.676025	2597.028076	2328.323975	
307	2555.000000	2610.615234	2633.538330	2575.230713	2586.923096	2571.923096	2563.923096	2598.692383	2328.000000	
308	2557.836426	2610.709229	2631.290771	2574.000000	2585.290771	2568.872559	2564.418213	2603.963867	2328.000000	
309	2559.726562	2611.726562	2630.273438	2576.906250	2582.093750	2570.179688	2565.000000	2609.632812	2329.453125	
310	2560.743896	2613.487793	2630.743896	2575.024414	2583.231689	2572.487793	2565.000000	2609.512207	2328.512207	
311	2558.715820	2613.238525	2631.761475	2574.761475	2584.000000	2576.807129	2565.761475	2610.522949	2327.238525	
312	2558.778320	2612.221680	2633.556885	2573.443115	2580.886230	2577.221680	2563.664795	2606.329346	2327.778320	
313	2555.024414	2604.843750	2630.819580	2573.000000	2580.795166	2583.361084	2563.795166	2600.229248	2328.795166	
314	2554.811279	2607.056885	2630.000000	2573.811279	2578.565918	2580.131592	2563.188721	2595.754395	2327.377197	
315	2552.514648	2610.485352	2631.656982	2575.656982	2578.000000	2580.656982	2566.313965	2595.000000	2325.343018	
316	2550.309082	2609.309082	2629.463379	2577.690918	2577.154541	2579.309082	2566.154541	2589.927002	2324.154541	
317	2552.587402	2609.862549	2629.862549	2577.137451	2572.687500	2574.687500	2566.862549	2589.862549	2327.449951	
318	2553.878906	2610.878906	2627.363037	2578.758057	2572.878906	2574.000000	2564.363037	2588.241943	2328.000000	
319	2554.000000	2609.208008	2629.687988	2576.312012	2582.855957	2573.104004	2564.895996	2591.583984	2328.895996	
320	2551.260986	2609.913086	2629.086914	2575.086914	2586.739014	2572.086914	2563.174072	2594.739014	2326.260986	
321	2552.860352	2610.930176	2629.000000	2571.279541	2592.580811	2575.720459	2564.860352	2597.790283	2326.000000	
322	2553.000000	2609.105957	2628.052979	2568.159180	2586.371094	2573.159180	2562.159180	2597.052979	2327.894043	
323	2555.892822	2609.964355	2627.035645	2569.928467	2599.499512	2580.714111	2563.928467	2595.071533	2328.000000	
324	2556.000000	2609.019043	2626.019043	2569.019043	2596.075684	2581.000000	2562.037842	2591.075684	2327.019043	
325	2559.990479	2608.002441	2624.004883	2571.992676	2596.000000	2581.997559	2562.997559	2591.000000	2330.990479	
326	2562.985840	2609.042480	2628.985840	2571.070557	2599.000000	2578.985840	2563.042480	2593.000000	2330.028320	
327	2562.000000	2612.000000	2628.000000	2575.874756	2598.906006	2577.968750	2565.906006	2592.937256	2331.937256	
328	2562.000000	2612.047852	2628.047852	2572.047852	2595.760254	2576.904053	2563.143799	2591.191895	2330.095947	
329	2562.193604	2613.064453	2629.193604	2572.935547	2591.000000	2575.000000	2566.000000	2595.064453	2331.806396	
330	2565.000000	2613.919678	2631.919678	2572.080322	2591.160645	2575.080322	2566.160645	2596.160645	2328.839355	
331	2564.903320	2612.903320	2631.290039	2572.806641	2592.516602	2576.096680	2567.613281	2597.806641	2327.290039	
332	2563.434326	2612.000000	2633.773682	2571.452637	2587.547363	2576.773682	2564.339355	2596.000000	2329.547363	
333	2558.870117	2611.870117	2631.740234	2574.870117	2583.610107	2575.000000	2566.610107	2595.740234	2326.519775	
334	2556.974854	2611.000000	2629.707031	2574.146484	2581.439453	2574.853516	2564.439453	2593.853516	2329.707031	
335	2550.836670	2610.836670	2627.836670	2574.509766	2583.673340	2573.346436	2566.836670	2592.509766	2327.673340	
336	2550.000000	2609.639404	2626.819580	2571.639404	2582.360596	2570.180420	2566.000000	2590.721191	2326.000000	
337	2550.000000	2608.395020	2626.987305	2570.197510	2584.197510	2570.604980	2566.000000	2593.802490	2325.802490	
338	2549.785645	2609.571045	2631.000000	2570.785645	2585.428955	2568.785645	2566.214355	2592.785645	2324.785645	
339	2549.000000	2608.000000	2630.072998	2570.000000	2586.536377	2568.000000	2566.536377	2592.463623	2324.695312	
340	2549.498047	2608.498047	2627.995850	2570.498047	2585.995850	2568.498047	2565.249023	2594.249023	2327.000000	
341	2550.734375	2610.000000	2630.202881	2572.000000	2588.468506	2570.000000	2565.468506	2594.468506	2327.265625	
342	2549.718506	2610.844482	2629.688965	2572.000000	2585.874023	2571.125977	2564.000000	2593.562988	2328.844482	
343	2547.812500	2611.515625	2634.593750	2572.000000	2583.296875	2573.109375	2564.296875	2595.000000	2329.812500	
344	2545.000000	2608.937012	2635.687744	2573.561523	2583.062988	2572.561523	2565.000000	2595.312256	2326.687744	
345	2544.672363	2611.327637	2634.344727	2575.361572	2580.672363	2576.327637	2563.689453	2595.672363	2326.982910	
346	2545.028320	2612.685547	2634.371094	2573.371094	2582.399658	2577.685547	2562.713867	2596.713867	2327.971680	
347	2546.284424	2613.284424	2635.926514	2577.073486	2587.715576	2579.000000	2566.000000	2599.642090	2324.210938	
348	2546.119629	2610.880371	2632.507080	2579.746582	2591.986084	2577.880371	2566.000000	2600.119629	2323.239502	
349	2546.441895	2609.779053	2629.220947	2580.220947	2596.220947	2575.610352	2565.220947	2600.441895	2325.831299	
350	2544.814209	2611.406982	2628.814209	2580.221191	2596.221191	2575.000000	2564.000000	2598.000000	2325.221191	
351	2546.851074	2610.297607	2627.872070	2581.574463	2598.000000	2575.425537	2564.000000	2596.297607	2325.723145	
352	2549.332275	2608.444092	2623.667725	2581.000000	2594.891602	2576.888184	2564.000000	2594.000000	2325.332275	
353	2551.462402	2608.075439	2622.924561	2580.075439	2590.075439	2578.462402	2563.075439	2593.537598	2326.537598	
354	2551.037842	2609.886719	2624.000000	2579.962158	2588.518799	2581.405518	2564.405518	2595.405518	2326.962158	
355	2551.000977	2611.498291	2625.000977	2580.499512	2587.499512	2581.997803	2566.499512	2596.498291	2329.000977	
356	2552.000000	2611.040039	2629.640137	2578.959961	2587.000000	2579.479980	2567.040039	2597.600098	2330.000000	
357	2552.000000	2611.460693	2631.921631	2576.921631	2585.382324	2577.382324	2566.382324	2597.843262	2330.539307	
358	2552.000000	2612.116699	2633.233398	2575.441650	2586.791748	2574.883301	2566.675049	2598.233398	2331.558350	
359	2553.730713	2611.846191	2631.538574	2573.846191	2589.576904	2571.115479	2566.846191	2600.000000	2329.115479	
360	2559.160889	2611.594482	2627.216797	2575.377686	2593.566406	2570.783203	2568.377686	2602.377686	2328.188721	
361	2562.610840	2610.778076	2626.000000	2579.443848	2596.000000	2570.778076	2568.778076	2600.945312	2329.000000	
362	2566.761719	2610.626953	2627.880859	2581.000000	2596.626953	2573.134766	2569.253906	2599.000000	2328.373047	
363	2569.000000	2612.285156	2627.072021	2580.357422	2597.000000	2573.072021	2568.072021	2597.072021	2328.642578	
364	2565.051025	2611.683594	2627.316406	2578.683594	2591.734619	2573.974609	2566.341797	2592.709229	2327.683594	
365	2560.980225	2611.000000	2629.346436	2575.980225	2589.673340	2574.326660	2564.653564	2591.673340	2328.346436	
366	2557.245605	2610.311279	2630.688721	2574.311279	2588.622803	2578.131592	2563.311279	2592.688721	2327.622803	
367	2553.183594	2610.704102	2630.295898	2570.479492	2585.183594	2582.816406	2562.295898	2591.591797	2328.408203	
368	2551.280762	2612.438477	2633.595947	2568.280762	2584.719238	2585.438477	2564.157715	2593.157715	2327.561523	
369	2551.000000	2612.266602	2633.533203	2567.266602	2583.533203	2585.266602	2563.533203	2594.733398	2327.000000	
370	2553.985840	2611.253662	2632.253662	2568.492920	2580.760742	2582.760742	2565.239258	2598.732178	2328.492920	
371	2557.275879	2611.000000	2630.482666	2566.724121	2578.482666	2580.482666	2566.000000	2598.482666	2328.241455	
372	2556.459229	2609.459229	2630.000000	2566.000000	2578.770508	2583.081787	2565.229492	2598.000000	2327.229492	
373	2556.000000	2609.000000	2630.000000	2567.563965	2579.781982	2582.436035	2565.000000	2595.654053	2326.218018	
374	2556.793701	2612.174805	2633.968506	2568.000000	2581.587402	2582.000000	2564.206299	2597.381104	2325.206299	
375	2556.194580	2611.389404	2631.778564	2566.389404	2581.194580	2582.805420	2563.194580	2594.778564	2325.805420	
376	2560.087158	2611.000000	2635.904541	2563.547852	2583.452148	2581.365234	2565.452148	2599.721924	2326.000000	
377	2560.169678	2610.169678	2636.169678	2563.830322	2584.000000	2577.678955	2564.339355	2599.339355	2325.169678	
378	2561.687988	2609.156006	2636.843994	2564.000000	2588.219727	2577.000000	2565.687988	2602.375732	2325.000000	
379	2557.711914	2609.000000	2632.711914	2564.857666	2587.284912	2577.857666	2563.427246	2601.284912	2326.715088	
380	2557.870850	2609.870850	2634.612793	2567.612793	2589.612793	2578.870850	2565.612793	2600.129150	2327.000000	
381	2561.539307	2613.539307	2634.115234	2568.000000	2589.115234	2580.769775	2566.000000	2597.345459	2327.884766	
382	2563.798340	2611.302490	2639.395264	2573.395264	2589.899170	2584.596680	2571.395264	2596.100830	2329.798340	
383	2563.086914	2612.826172	2637.260742	2575.826172	2590.000000	2583.173828	2566.521729	2594.173828	2328.173828	
384	2566.705811	2612.073486	2632.367676	2576.000000	2590.926514	2583.000000	2566.926514	2592.146973	2328.926514	
385	2563.239502	2610.119873	2630.119873	2576.940186	2591.000000	2581.119873	2564.179688	2592.000000	2331.820312	
386	2563.954102	2612.862549	2630.954102	2574.137451	2594.816650	2578.137451	2566.862549	2594.862549	2329.137451	
387	2563.031494	2613.000000	2631.000000	2572.062988	2593.062988	2577.031494	2567.968506	2595.000000	2330.937012	
388	2559.067627	2612.016846	2633.949219	2570.033936	2593.000000	2578.966064	2567.016846	2595.000000	2330.016846	
389	2560.995605	2611.002197	2636.993164	2570.000000	2587.013428	2578.002197	2564.006836	2595.000000	2328.004395	
390	2558.988037	2610.988037	2645.951660	2573.975830	2585.927490	2586.000000	2569.939697	2595.951660	2329.011963	
391	2558.156738	2610.052246	2641.973877	2572.261230	2580.104492	2585.973877	2565.000000	2591.973877	2329.921631	
392	2563.919678	2611.959717	2641.000000	2581.839111	2583.799072	2585.040283	2565.040283	2591.120605	2327.080322	
393	2561.945557	2611.163086	2641.108643	2578.054443	2579.163086	2585.782471	2565.945557	2594.108643	2329.054443	
394	2561.000000	2613.724121	2642.655029	2578.655029	2582.207031	2581.655029	2564.930908	2595.655029	2329.862061	
395	2560.666748	2610.083252	2637.583252	2574.000000	2585.416748	2576.666748	2564.000000	2590.916748	2328.000000	
396	2557.487305	2610.902588	2632.610107	2573.610107	2590.292480	2573.194824	2564.000000	2590.097412	2328.194824	
397	2561.443848	2610.222412	2629.000000	2570.333740	2593.000000	2574.777588	2564.222412	2590.888672	2329.888672	
398	2557.000000	2611.875244	2629.124756	2572.875244	2592.500977	2573.249512	2565.875244	2589.750488	2328.875244	
399	2556.862305	2611.412842	2630.000000	2572.412842	2588.587158	2575.137695	2565.412842	2588.687988	2328.275146	
400	2555.699951	2613.849854	2630.000000	2575.450195	2585.849854	2575.699951	2567.699951	2593.300049	2330.000000	
401	2553.837891	2612.837891	2630.162109	2578.000000	2584.351562	2574.648438	2566.162109	2595.810547	2329.837891	
402	2553.346924	2612.173584	2630.826416	2578.000000	2580.826416	2578.000000	2566.826416	2599.305908	2328.653076	
403	2555.369141	2612.446289	2630.000000	2578.553711	2580.369141	2577.630859	2566.000000	2595.446289	2327.000000	
404	2556.608398	2610.000000	2630.195801	2580.804199	2582.391602	2576.000000	2565.412354	2592.020752	2327.391602	
405	2555.414551	2610.414551	2631.000000	2580.414551	2585.243408	2576.828857	2563.828857	2588.828857	2329.000000	
406	2556.344727	2612.218506	2630.781494	2582.000000	2589.781494	2579.563232	2567.436768	2591.563232	2328.781494	
407	2554.000000	2613.000000	2630.000000	2581.542236	2589.915283	2577.084717	2568.771240	2591.144043	2328.228760	
408	2554.000000	2613.000000	2630.000000	2579.044922	2592.761230	2573.761230	2567.044922	2594.283691	2328.283691	
409	2553.254883	2613.496826	2630.248291	2576.496826	2592.496826	2573.248291	2564.248291	2592.496826	2326.496826	
410	2551.000000	2614.484619	2632.288086	2578.000000	2593.742432	2573.227051	2565.257568	2593.227051	2328.000000	
411	2551.000000	2613.000000	2636.799316	2578.266357	2593.000000	2572.865234	2566.000000	2591.000000	2328.532959	
412	2551.274902	2613.274902	2638.725098	2578.725098	2593.000000	2578.549805	2566.000000	2590.725098	2329.725098	
413	2554.264648	2614.000000	2637.433838	2577.433838	2591.867676	2581.415283	2565.433838	2591.415283	2329.282959	
414	2559.129150	2613.129150	2634.548340	2576.000000	2587.258057	2585.290283	2564.290283	2594.129150	2330.290283	
415	2557.296387	2612.185547	2630.703613	2576.000000	2581.518066	2586.889160	2565.592773	2592.889160	2330.703613	
416	2558.603516	2613.189453	2629.698242	2575.396484	2578.000000	2587.491211	2566.698242	2595.301758	2329.698242	
417	2558.772217	2609.613770	2627.772217	2573.693115	2579.841553	2583.693115	2566.613770	2596.613770	2329.613770	
418	2555.064453	2610.688232	2624.064453	2573.311768	2584.311768	2580.817139	2568.000000	2598.623779	2330.376221	
419	2551.103271	2610.316162	2622.000000	2574.948486	2585.000000	2572.838867	2567.683838	2598.735596	2328.051514	
420	2547.320068	2611.000000	2622.640137	2576.359863	2585.640137	2565.039795	2567.000000	2595.679932	2326.960205	
421	2548.971680	2611.647705	2624.000000	2576.295410	2586.676025	2562.028320	2567.000000	2595.971680	2328.352295	
422	2551.000000	2612.345703	2625.308838	2578.345703	2586.000000	2559.345703	2566.345703	2596.691162	2327.000000	
423	2551.990479	2610.669922	2629.650879	2577.660400	2586.660400	2560.971680	2565.660400	2594.990479	2326.669922	
424	2554.666260	2611.332520	2633.666260	2578.666992	2589.332520	2568.665527	2566.333740	2597.999268	2326.333008	
425	2557.344238	2614.335938	2636.344238	2578.000000	2592.335938	2575.696289	2567.016113	2602.016113	2326.664062	
426	2560.338623	2613.645264	2637.306396	2577.661377	2592.661377	2584.016113	2569.983887	2606.000000	2326.677490	
427	2561.000000	2611.681885	2631.613525	2577.000000	2590.295410	2589.750000	2568.000000	2608.045410	2328.340820	
428	2563.401855	2611.284424	2625.970703	2576.656982	2585.970703	2597.000000	2567.656982	2610.627441	2329.000000	
429	2569.726807	2610.072266	2622.273193	2573.237061	2584.000000	2597.345459	2566.654541	2606.963867	2328.654541	
430	2572.652588	2613.652588	2619.347412	2567.305420	2583.652588	2598.694580	2566.347412	2603.958008	2328.000000	
431	2570.604492	2613.348877	2620.000000	2566.697754	2583.697754	2599.302246	2567.000000	2600.953369	2327.302246	
432	2568.000000	2614.000000	2620.000000	2566.949707	2583.949707	2596.949707	2567.000000	2597.599609	2326.700195	
433	2564.134277	2614.000000	2621.054199	2567.108643	2580.945801	2592.540039	2568.054199	2594.648682	2326.945801	
434	2556.647217	2614.352783	2624.763916	2571.705566	2581.116699	2586.236084	2568.941650	2592.941650	2325.705566	
435	2554.230713	2613.584473	2631.184570	2575.477051	2585.707764	2579.107666	2567.353760	2592.415527	2325.938477	
436	2551.000000	2612.065186	2636.645020	2580.000000	2587.354980	2571.289795	2567.645020	2593.579834	2324.710205	
437	2549.217773	2614.000000	2637.782227	2579.643555	2588.712891	2568.217773	2567.712891	2592.425781	2326.356445	
438	2546.716064	2613.283936	2640.641846	2578.283936	2591.432373	2563.925781	2568.283936	2595.716064	2326.641846	
439	2548.000000	2612.359863	2639.280518	2575.920654	2593.640137	2563.079346	2567.359863	2596.280518	2326.359863	
440	2548.362061	2611.914062	2637.637939	2572.190186	2590.466309	2564.637939	2566.190186	2595.000000	2327.362061	
441	2549.730469	2611.460938	2637.000000	2569.365234	2584.539062	2568.017578	2564.095703	2595.730469	2328.000000	
442	2551.000000	2612.892334	2636.261719	2570.369141	2580.523193	2576.107666	2565.630859	2596.261719	2328.369141	
443	2551.747559	2611.373779	2632.757080	2572.495361	2578.373779	2579.495361	2565.000000	2596.495361	2329.000000	
444	2554.137207	2612.379150	2631.274414	2575.379150	2579.379150	2582.379150	2565.758057	2599.000000	2330.137207	
445	2556.000000	2613.000000	2634.230225	2577.539551	2581.539551	2584.924316	2566.615234	2599.384766	2332.000000	
446	2556.391113	2612.608887	2632.217773	2578.435303	2585.564697	2586.435303	2566.782227	2601.955811	2330.826660	
447	2558.989014	2612.397705	2633.784668	2576.795654	2589.591309	2582.806641	2568.795654	2602.613037	2330.193359	
448	2562.809570	2612.190430	2637.190430	2577.190430	2593.214355	2580.190430	2568.785645	2598.595215	2331.190430	
449	2564.823486	2612.646729	2634.764893	2576.411621	2596.235107	2577.764893	2566.588379	2597.176514	2330.823486	
450	2563.491211	2614.163818	2632.581787	2574.909180	2595.491211	2575.163818	2565.163818	2594.327393	2331.163818	
451	2560.424316	2613.000000	2632.424316	2572.000000	2589.454590	2574.000000	2565.272705	2592.000000	2329.151611	
452	2559.278076	2612.569580	2632.138916	2572.861084	2584.708496	2573.138916	2566.138916	2592.430420	2328.000000	
453	2555.251953	2611.562988	2631.874023	2576.622070	2583.437012	2573.748047	2566.748047	2594.748047	2328.000000	
454	2552.556396	2611.443604	2631.668945	2578.668945	2582.668945	2575.556396	2567.668945	2595.668945	2328.443604	
455	2551.549316	2612.000000	2633.155518	2577.901611	2581.450684	2575.450684	2567.352295	2594.000000	2329.000000	
456	2552.375488	2613.375488	2635.624512	2579.916992	2583.375488	2577.375488	2568.541504	2592.624512	2329.000000	
457	2555.398438	2614.067627	2635.398438	2580.533936	2585.000000	2577.135498	2568.466064	2590.067627	2329.000000	
458	2558.894287	2612.526367	2637.947021	2580.000000	2585.000000	2575.473633	2569.000000	2589.000000	2329.473633	
459	2561.961670	2612.480957	2638.038330	2580.961670	2585.000000	2576.000000	2569.000000	2589.480957	2328.557373	
460	2562.511963	2612.511963	2634.559814	2580.535889	2584.023926	2574.535889	2566.559814	2591.952148	2327.976074	
461	2563.484863	2612.494873	2632.989990	2581.474854	2585.474854	2573.989990	2565.484863	2594.989990	2328.505127	
462	2564.498047	2613.501953	2633.498047	2581.992676	2588.501953	2575.000000	2567.501953	2595.498047	2326.494385	
463	2563.491211	2613.491211	2634.017334	2581.526123	2590.526123	2577.034912	2568.508789	2595.508789	2325.508789	
464	2563.515381	2613.000000	2632.938721	2581.969482	2591.484619	2580.545898	2567.454102	2595.484619	2327.030518	
465	2562.436035	2614.042725	2631.521240	2581.521240	2590.478760	2584.606689	2567.563965	2595.000000	2328.521240	
466	2561.000000	2612.366699	2629.366699	2582.000000	2591.579834	2585.420166	2567.946777	2593.420166	2330.053223	
467	2560.468506	2610.531494	2629.656982	2581.468506	2592.468506	2584.000000	2567.000000	2594.125488	2328.874512	
468	2560.000000	2610.463867	2632.000000	2580.463867	2590.927490	2582.927490	2566.463867	2595.463867	2327.536133	
469	2561.082764	2611.082764	2635.789551	2581.082764	2591.082764	2582.541260	2565.458740	2595.541260	2328.000000	
470	2560.906250	2611.453125	2639.546875	2579.812744	2590.359375	2579.172119	2565.546875	2595.453125	2328.546875	
471	2558.894775	2611.552734	2640.552734	2580.210693	2588.447266	2576.000000	2566.000000	2595.000000	2327.342041	
472	2557.441650	2611.441650	2639.883545	2580.883545	2588.558350	2576.000000	2566.000000	2593.325195	2328.233154	
473	2555.309326	2612.127197	2635.618408	2581.127197	2591.254395	2574.872803	2566.000000	2593.690674	2329.436523	
474	2551.724854	2611.862305	2633.568848	2579.724854	2591.862305	2573.431152	2567.137695	2593.862305	2329.000000	
475	2547.703369	2611.000000	2633.425781	2579.148193	2589.851807	2577.019043	2567.425781	2595.870850	2329.000000	
476	2549.479492	2612.739746	2631.260254	2577.680176	2588.420166	2577.680176	2565.840088	2596.260254	2329.000000	
477	2552.585693	2611.656738	2630.000000	2574.828369	2585.071045	2578.928955	2565.000000	2595.585693	2329.000000	
478	2553.000000	2611.773926	2628.817383	2572.817383	2581.817383	2579.226074	2563.226074	2596.000000	2329.000000	
479	2556.579590	2611.210205	2628.000000	2572.000000	2581.596680	2574.420410	2562.000000	2595.403320	2329.000000	
480	2558.398193	2610.601807	2628.601807	2572.000000	2583.203613	2572.000000	2563.805664	2593.796387	2329.601807	
481	2560.428467	2611.607178	2630.214111	2570.178711	2585.821289	2573.214111	2566.821289	2591.178711	2330.000000	
482	2561.388184	2610.776367	2631.000000	2567.776367	2585.164551	2573.388184	2566.164551	2591.223633	2328.164551	
483	2561.615967	2611.231934	2632.848145	2569.464111	2589.544189	2576.080078	2563.768066	2595.080078	2327.615967	
484	2560.139893	2612.000000	2633.379883	2570.379883	2592.379883	2576.139893	2565.480225	2595.139893	2328.000000	
485	2555.880371	2610.752197	2632.375977	2574.991211	2593.247803	2575.624023	2565.752197	2595.871826	2327.375977	
486	2552.745361	2610.000000	2631.372559	2577.372559	2592.745361	2574.117920	2566.254639	2596.372559	2327.627441	
487	2552.000000	2611.891113	2631.630371	2580.781982	2592.000000	2573.000000	2567.000000	2596.000000	2328.630371	
488	2553.900146	2614.900146	2632.000000	2584.266846	2592.000000	2573.633301	2567.000000	2596.633301	2327.733154	
489	2554.363281	2614.726807	2631.363281	2586.273193	2590.090088	2576.546387	2567.000000	2596.363281	2327.636719	
490	2554.000000	2612.721191	2627.802979	2584.442383	2587.081787	2576.081787	2567.000000	2596.639404	2329.278809	
491	2555.925781	2612.641846	2629.851318	2581.074219	2587.925781	2574.358154	2566.358154	2597.641846	2330.000000	
492	2556.355713	2611.067139	2632.000000	2578.067139	2589.644287	2575.932861	2565.355713	2596.711426	2330.000000	
493	2557.940430	2612.587158	2635.880859	2577.646729	2595.821045	2580.233887	2565.646729	2597.293701	2330.646729	
494	2557.052490	2612.701660	2636.701660	2576.052490	2597.701660	2580.701660	2567.298340	2598.000000	2330.350830	
495	2554.047363	2612.000000	2633.396484	2574.349121	2596.349121	2580.650879	2567.349121	2596.698242	2329.349121	
496	2553.000000	2612.000000	2633.304688	2572.695312	2595.347656	2581.652344	2565.695312	2597.956787	2329.000000	
497	2553.653320	2612.000000	2632.039795	2570.039795	2594.346680	2579.386475	2565.653320	2596.386475	2326.386475	
498	2555.963623	2610.690918	2630.345459	2569.000000	2592.690918	2576.690918	2564.690918	2594.345459	2326.309082	
499	2558.311768	2610.000000	2630.656006	2567.032227	2590.688232	2578.623779	2565.311768	2596.623779	2327.000000	
500	2559.657715	2609.342285	2631.657715	2565.342285	2588.026855	2580.657715	2564.684570	2596.684570	2327.000000	
501	2559.340088	2609.659912	2630.680176	2566.319824	2589.639648	2583.639648	2565.979736	2599.299561	2327.000000	
502	2559.662109	2611.323975	2628.676025	2568.323975	2589.676025	2584.337891	2565.013916	2598.352051	2327.662109	
503	2559.336426	2612.663574	2632.644531	2573.644531	2592.317627	2584.663574	2566.654053	2598.327148	2329.327148	
504	2560.329834	2611.670166	2633.670166	2575.335205	2593.335205	2584.335205	2566.670166	2600.329834	2329.335205	
505	2557.667725	2611.666504	2636.332275	2580.331543	2591.667236	2584.666504	2566.666504	2602.332764	2330.332764	
506	2556.000000	2610.664307	2637.332031	2583.000000	2588.328613	2580.992676	2567.000000	2604.335693	2331.000000	
507	2551.989014	2610.668457	2637.668457	2581.663086	2588.336914	2581.005615	2566.331543	2602.994385	2329.663086	
508	2553.343262	2610.331299	2638.668701	2577.656738	2588.331299	2578.656738	2566.668701	2602.000000	2331.674561	
509	2556.336426	2611.336426	2636.995605	2576.000000	2595.349854	2579.672607	2568.336426	2599.995605	2329.659180	
510	2556.332275	2614.002930	2636.667725	2572.661621	2597.664551	2580.332275	2570.335449	2598.332275	2330.670654	
511	2554.665283	2613.665283	2634.998047	2566.328857	2593.663330	2578.665283	2570.332764	2595.998047	2329.330811	
512	2554.000000	2613.667236	2635.334717	2564.000000	2593.334717	2578.667236	2570.000000	2596.334717	2326.665283	
513	2555.335693	2614.667969	2638.003662	2562.664307	2593.332031	2577.664307	2569.332031	2598.335693	2327.335693	
514	2552.653320	2615.000000	2639.000000	2562.669434	2590.322754	2574.991943	2568.330566	2599.669434	2326.661377	
515	2553.686035	2614.328369	2637.656982	2564.343018	2586.313965	2574.671631	2566.656982	2602.014648	2326.671631	
516	2555.000000	2612.651123	2634.976807	2564.325684	2584.325684	2572.976807	2566.000000	2605.697754	2330.372070	
517	2554.322510	2612.677490	2633.322510	2567.387451	2582.645020	2574.032471	2566.677490	2604.290039	2328.612549	
518	2553.319092	2612.319092	2630.276855	2571.042480	2579.276855	2574.319092	2564.957520	2602.319092	2327.680908	
519	2550.948486	2609.948486	2626.948486	2576.786621	2579.367676	2578.102783	2564.000000	2598.581055	2328.000000	
520	2550.686768	2611.060059	2627.373291	2578.313232	2580.686768	2578.626709	2564.686768	2595.626709	2330.060059	
521	2550.310547	2614.068604	2628.689453	2580.068604	2583.758057	2580.758057	2566.378906	2596.378906	2329.621094	
522	2548.614746	2612.922119	2629.692627	2580.307373	2585.000000	2579.922119	2565.614746	2596.307373	2328.307373	
523	2549.391357	2613.391357	2634.174316	2577.912842	2588.478516	2580.391357	2568.478516	2598.087158	2328.695801	
524	2548.602295	2612.602295	2635.301270	2575.602295	2589.301270	2582.397705	2566.505859	2597.602295	2327.602295	
525	2549.403809	2613.403809	2638.509277	2570.086914	2590.403809	2579.490723	2565.701904	2596.298096	2328.403809	
526	2550.000000	2613.294922	2636.474854	2566.589844	2588.179688	2575.884766	2565.294922	2596.000000	2327.589844	
527	2551.415771	2611.584229	2632.876221	2566.000000	2586.291992	2578.539795	2563.584229	2598.123779	2327.708008	
528	2553.422119	2611.000000	2632.000000	2566.000000	2586.000000	2578.577881	2565.133301	2599.711182	2328.000000	
529	2556.142822	2612.428467	2630.571533	2565.285645	2586.714355	2580.142822	2566.714355	2600.000000	2327.285645	
530	2557.000000	2611.565186	2629.282471	2565.717529	2584.847656	2579.565186	2564.130371	2599.282471	2326.282471	
531	2557.719971	2611.719971	2627.560059	2568.879883	2584.000000	2581.159912	2565.159912	2598.280029	2326.719971	
532	2555.111572	2612.000000	2627.000000	2568.555664	2582.555664	2581.277832	2567.444336	2596.555664	2326.277832	
533	2554.000000	2610.552979	2627.723633	2572.341309	2582.723633	2580.276367	2566.552979	2595.276367	2326.723633	
534	2554.000000	2611.449219	2629.449219	2576.173584	2583.000000	2578.550781	2566.724609	2594.275391	2328.449219	
535	2552.550293	2612.724854	2632.899414	2577.724854	2585.899414	2577.275146	2568.449707	2592.550293	2328.275146	
536	2555.624756	2615.174805	2634.724854	2580.899902	2590.624756	2577.724854	2569.000000	2591.275146	2328.724854	
537	2558.449219	2615.275391	2640.072266	2580.550781	2595.623047	2578.000000	2569.000000	2591.724609	2329.000000	
538	2558.275879	2612.827881	2641.275879	2578.552002	2597.000000	2576.552002	2563.931885	2591.275879	2327.552002	
539	2558.722900	2614.168945	2641.722900	2579.446045	2593.385010	2576.722900	2564.168945	2591.000000	2328.446045	
540	2561.887451	2613.556396	2642.000000	2577.112549	2590.556396	2577.000000	2564.278076	2594.609131	2327.556396	
541	2562.279541	2614.440674	2641.279541	2575.279541	2582.796387	2582.042480	2564.720459	2596.000000	2326.279541	
542	2559.844727	2612.844727	2643.155273	2575.000000	2577.844727	2581.126221	2566.437012	2595.281494	2327.437012	
543	2559.000000	2612.000000	2638.987305	2577.148193	2578.432129	2584.296631	2566.283936	2592.135498	2328.716064	
544	2556.146484	2612.000000	2635.573242	2578.713379	2576.146484	2585.286621	2567.426758	2589.573242	2329.000000	
545	2556.420166	2613.420166	2632.159668	2582.550537	2579.260742	2585.710205	2568.000000	2592.550537	2326.869629	
546	2553.468750	2609.762451	2628.881104	2581.881104	2579.587402	2585.293701	2565.174805	2596.118896	2326.000000	
547	2555.506836	2610.805664	2630.104248	2583.104248	2582.506836	2587.104248	2566.805664	2602.611084	2325.298584	
548	2556.303711	2612.000000	2628.215088	2584.000000	2586.088867	2588.000000	2568.000000	2605.696289	2327.088867	
549	2556.691162	2612.691162	2627.691162	2582.617676	2587.691162	2583.852783	2568.000000	2607.382324	2327.308838	
550	2557.686279	2612.313721	2628.000000	2579.255371	2589.372314	2579.255371	2567.313721	2604.569092	2325.627686	
551	2559.361328	2611.319336	2632.764404	2576.638672	2588.638672	2575.277344	2565.638672	2600.958008	2327.722656	
552	2561.348877	2611.000000	2634.325439	2578.697998	2587.325439	2573.325439	2565.000000	2599.325439	2329.000000	
553	2562.667725	2611.667725	2637.338135	2578.664795	2584.997070	2575.670654	2565.000000	2595.661865	2329.667725	
554	2563.000000	2612.000000	2637.019531	2576.679688	2580.039062	2577.000000	2566.980469	2591.359375	2330.660156	
555	2563.651611	2612.000000	2634.045410	2574.045410	2580.606201	2577.651611	2568.000000	2588.045410	2329.045410	
556	2565.927979	2610.714600	2635.570557	2573.000000	2580.714600	2577.357422	2568.000000	2587.642578	2328.642578	
557	2565.732666	2611.900879	2635.099121	2573.000000	2582.534424	2580.167969	2568.000000	2588.633545	2328.366455	
558	2565.000000	2612.375732	2631.502441	2571.751221	2582.126953	2581.375732	2566.751221	2588.375732	2328.624268	
559	2561.313721	2611.385742	2628.156982	2571.614258	2582.228760	2582.228760	2568.457520	2589.843018	2330.228760	
560	2557.188232	2612.207764	2626.395996	2571.395996	2583.000000	2581.792236	2570.604004	2589.792236	2329.188232	
561	2554.220703	2613.000000	2623.627686	2573.965576	2581.813721	2580.406982	2570.406982	2591.965576	2327.406982	
562	2552.418457	2613.000000	2619.674072	2576.581543	2581.581543	2577.674072	2568.836914	2592.255615	2329.907471	
563	2550.292480	2613.569092	2620.276611	2579.845703	2580.292480	2573.154297	2568.000000	2592.707520	2329.723389	
564	2550.670410	2611.772705	2623.670410	2581.443115	2579.000000	2571.000000	2566.886230	2592.329590	2329.113770	
565	2553.089600	2612.723877	2630.447754	2583.179199	2579.000000	2570.455322	2566.000000	2591.544678	2330.544678	
566	2554.532959	2616.065674	2635.532959	2585.532959	2577.934326	2567.868408	2568.131592	2593.065674	2331.000000	
567	2553.438721	2616.479492	2637.561279	2584.438721	2580.643066	2569.122803	2568.958984	2597.122803	2329.958984	
568	2552.507568	2616.000000	2637.984863	2582.492432	2582.984863	2571.492432	2568.000000	2601.015137	2329.507568	
569	2553.000000	2615.505371	2635.021484	2581.010742	2582.000000	2574.957031	2568.000000	2602.000000	2328.516113	
570	2555.887939	2613.555908	2631.074707	2579.518555	2583.444092	2579.481445	2567.518555	2602.000000	2327.481445	
571	2560.402100	2611.065186	2626.195557	2578.532715	2587.336914	2581.869629	2567.467285	2601.532715	2327.065186	
572	2562.452881	2611.358887	2622.547119	2578.000000	2590.000000	2583.547119	2567.547119	2599.641113	2326.000000	
573	2563.000000	2612.561279	2621.561279	2576.245605	2591.315918	2581.245605	2567.000000	2596.245605	2326.877197	
574	2563.848145	2612.000000	2619.727783	2572.727783	2592.151855	2578.151855	2566.575928	2594.848145	2328.000000	
575	2563.774170	2611.182617	2620.860352	2568.956787	2590.591309	2577.408691	2565.591309	2594.365479	2328.408691	
576	2561.607910	2610.392090	2624.607910	2567.176270	2590.392090	2578.000000	2565.000000	2594.352539	2329.000000	
577	2561.750244	2611.750244	2625.500488	2571.625732	2591.000000	2576.499512	2566.500488	2598.000000	2329.000000	
578	2562.284180	2611.926025	2628.715820	2576.357910	2590.284180	2573.642090	2568.642090	2596.210205	2329.357910	
579	2561.000000	2611.703613	2628.637207	2577.340820	2586.955566	2573.681396	2568.000000	2592.659180	2330.681396	
580	2561.000000	2614.353271	2627.293457	2578.323486	2581.059814	2574.353271	2568.000000	2592.000000	2330.706543	
581	2560.386475	2614.227051	2630.000000	2578.386475	2577.306641	2572.386475	2567.693359	2591.386475	2328.613525	
582	2558.419189	2616.128906	2629.709717	2576.128906	2577.419189	2570.419189	2567.871094	2590.580811	2330.290283	
583	2556.726318	2615.095215	2629.821289	2573.726318	2577.916504	2569.821289	2569.726318	2592.000000	2330.452393	
584	2556.000000	2616.203613	2632.256592	2572.229980	2583.770020	2572.513184	2568.743408	2591.229980	2328.743408	
585	2555.760254	2611.239746	2633.719238	2571.438477	2587.917969	2575.678223	2568.239746	2588.760254	2328.000000	
586	2555.669922	2612.446533	2636.223389	2576.000000	2594.000000	2581.223389	2568.553467	2588.223389	2328.000000	
587	2557.793213	2613.586426	2638.034180	2576.000000	2593.172607	2582.827393	2567.000000	2589.827393	2328.206787	
588	2556.809814	2612.761230	2642.380615	2575.429199	2590.000000	2585.809814	2566.809814	2593.190186	2329.000000	
589	2556.174072	2615.651611	2643.825928	2572.825928	2589.477539	2585.174072	2566.522461	2594.174072	2329.000000	
590	2557.158936	2613.522949	2642.522949	2572.318115	2586.681885	2585.841064	2568.681885	2595.158936	2329.158936	
591	2557.712158	2611.575684	2638.992432	2574.287842	2584.855957	2584.712158	2567.000000	2595.855957	2330.144043	
592	2555.871582	2614.743164	2632.614746	2575.614746	2583.614746	2583.000000	2566.871582	2594.871582	2331.256836	
593	2554.886963	2613.000000	2629.661133	2573.677979	2580.548096	2583.000000	2566.113037	2594.226074	2332.886963	
594	2554.097900	2613.097900	2626.608398	2578.608398	2577.097900	2582.608398	2566.902100	2596.293701	2331.804199	
595	2554.833984	2613.916992	2623.249023	2575.000000	2578.000000	2579.415039	2566.249023	2599.498047	2330.000000	
596	2552.794922	2613.000000	2625.931641	2575.068359	2577.931641	2583.794922	2568.931641	2605.273438	2329.931641	
597	2550.053467	2612.946533	2625.427734	2575.839600	2577.213867	2581.000000	2568.053467	2608.893066	2328.839600	
598	2551.076416	2612.000000	2633.190918	2572.847168	2581.114502	2580.885498	2568.885498	2606.885498	2326.152832	
599	2553.044922	2612.000000	2638.067383	2569.089844	2584.134521	2577.977539	2566.044922	2603.843018	2329.932617	
600	2554.988525	2612.011475	2640.971191	2572.994141	2589.988525	2577.000000	2567.994141	2597.000000	2327.000000	
601	2553.020752	2613.979248	2636.051514	2572.010254	2588.020752	2577.000000	2567.010254	2597.000000	2327.000000	
602	2552.026123	2614.000000	2631.130859	2573.947754	2596.764404	2577.973877	2566.026123	2593.104736	2327.973877	
603	2549.125488	2610.167236	2631.958252	2573.041748	2596.041748	2578.958252	2566.000000	2590.125488	2329.916504	
604	2555.595459	2610.000000	2626.346924	2575.826660	2598.826660	2577.115723	2566.000000	2589.057861	2329.057861	
605	2555.073730	2611.852295	2626.926270	2576.000000	2595.295166	2577.000000	2565.073730	2588.073730	2329.000000	
606	2557.730225	2612.000000	2629.730225	2580.550537	2589.539307	2577.000000	2565.910156	2590.730225	2329.000000	
607	2556.210449	2612.000000	2629.105225	2581.000000	2588.105225	2575.210449	2567.789551	2590.105225	2329.894775	
608	2555.120361	2613.759277	2634.277588	2582.759277	2585.361328	2574.120361	2568.879639	2592.638672	2330.879639	
609	2554.134766	2615.730225	2635.000000	2579.539307	2582.404541	2571.404541	2569.000000	2593.865234	2331.000000	
610	2554.000000	2615.148682	2635.851318	2576.446045	2583.702637	2572.702637	2569.000000	2596.553955	2330.148682	
611	2554.837402	2613.324951	2633.487549	2576.000000	2582.324951	2569.649902	2567.324951	2597.837402	2328.324951	
612	2558.293945	2613.823486	2633.000000	2571.882568	2586.117432	2569.000000	2566.176514	2602.117432	2328.000000	
613	2561.428711	2613.190430	2634.619141	2570.190430	2588.619141	2568.190430	2566.809570	2603.809570	2327.190430	
614	2562.796143	2613.000000	2633.407471	2572.388672	2593.777344	2567.203857	2567.796143	2607.980957	2325.407471	
615	2562.217285	2611.434570	2633.000000	2573.782715	2592.652100	2569.347900	2567.217285	2606.652100	2326.565430	
616	2561.231201	2611.000000	2630.693604	2575.537598	2591.231201	2571.537598	2567.768799	2603.693604	2327.000000	
617	2558.734375	2611.755127	2630.755127	2577.510498	2591.000000	2575.020752	2565.734375	2600.734375	2325.489502	
618	2557.257568	2612.742432	2630.257568	2581.711670	2589.515381	2576.000000	2566.484619	2599.257568	2326.484619	
619	2555.539795	2612.270020	2630.000000	2583.000000	2587.539795	2581.110596	2565.539795	2596.809570	2327.729980	
620	2555.717773	2614.870850	2633.588379	2583.000000	2590.588379	2585.153076	2565.717773	2598.870850	2328.000000	
621	2557.410889	2613.178467	2634.294678	2583.705322	2591.294678	2586.705322	2566.000000	2597.178467	2329.410889	
622	2557.306885	2612.693115	2638.852051	2584.000000	2593.772705	2589.772705	2567.386230	2595.306885	2328.613770	
623	2557.000000	2613.000000	2641.681152	2581.956787	2595.000000	2588.275635	2567.318848	2592.956787	2329.362305	
624	2554.992676	2613.669189	2642.669189	2581.000000	2595.000000	2586.330811	2566.330811	2591.330811	2329.330811	
625	2554.657227	2612.685547	2641.685547	2580.342773	2594.342773	2587.971680	2566.657227	2591.000000	2329.657227	
626	2556.290527	2612.645264	2640.354736	2575.483154	2592.709473	2585.128418	2565.064209	2589.064209	2330.645264	
627	2555.100830	2611.733887	2637.467529	2571.100830	2589.467529	2581.733887	2563.366943	2586.733887	2329.733887	
628	2553.379639	2609.759033	2634.759033	2566.277344	2586.759033	2578.518066	2565.481934	2588.481934	2329.620361	
629	2553.608154	2610.824463	2632.175537	2565.216309	2585.391846	2576.391846	2566.391846	2591.216309	2331.216309	
630	2551.614258	2612.000000	2633.385742	2564.807129	2585.000000	2575.403564	2566.596436	2593.789307	2329.018066	
631	2552.339600	2612.000000	2633.245117	2565.754883	2585.584961	2573.830078	2566.415039	2595.000000	2328.754883	
632	2556.292725	2611.426758	2634.865967	2571.012451	2588.865967	2578.158691	2568.292725	2596.146484	2328.280518	
633	2558.561768	2612.685059	2637.000000	2575.123535	2591.000000	2582.000000	2568.314941	2595.876465	2328.123535	
634	2561.753662	2614.000000	2639.753662	2578.203125	2591.000000	2584.203125	2567.550781	2596.652344	2327.347656	
635	2565.080078	2612.379883	2638.760010	2581.080078	2589.919922	2586.000000	2568.540039	2595.840088	2326.000000	
636	2566.000000	2613.645752	2634.941650	2581.470947	2590.587402	2586.000000	2567.941650	2591.883301	2326.529053	
637	2566.000000	2615.481689	2633.481689	2581.518311	2591.481689	2584.445068	2568.554932	2590.518311	2326.481689	
638	2562.446289	2613.984619	2634.015381	2581.492432	2591.000000	2581.984619	2568.984619	2592.522949	2327.015381	
639	2559.496826	2612.503174	2635.496826	2580.503174	2590.006348	2580.503174	2567.503174	2594.000000	2328.993652	
640	2560.485596	2613.942139	2635.028809	2579.028809	2586.086670	2580.971191	2568.942139	2595.942139	2330.971191	
641	2560.052002	2615.052002	2633.052002	2576.578125	2583.000000	2580.578125	2569.578125	2598.000000	2332.000000	
642	2556.688477	2614.924561	2631.075439	2572.688477	2581.613037	2581.311523	2568.000000	2599.849365	2331.537598	
643	2554.000000	2616.000000	2631.350342	2569.549805	2580.000000	2584.450195	2566.199463	2600.199463	2328.749512	
644	2554.000000	2616.437500	2634.312256	2570.749756	2580.874756	2584.125244	2565.312256	2597.125244	2327.749756	
645	2554.000000	2616.150879	2636.424561	2573.849121	2582.424561	2582.150879	2567.849121	2597.273926	2329.575439	
646	2555.648926	2614.587891	2636.587891	2574.587891	2585.061035	2580.175537	2566.938965	2596.938965	2329.412109	
647	2558.000000	2613.199951	2635.599854	2574.000000	2586.799805	2577.799805	2564.400146	2593.199951	2330.000000	
648	2556.836426	2611.612061	2633.836426	2574.000000	2586.163574	2576.775879	2565.000000	2592.775879	2328.448486	
649	2554.249023	2612.126465	2630.122559	2572.873535	2585.371338	2576.873535	2565.000000	2594.750977	2326.000000	
650	2554.089844	2614.363281	2628.453125	2571.726562	2583.179443	2576.089844	2565.726562	2597.816162	2327.089844	
651	2554.946045	2614.297363	2629.594971	2573.000000	2586.648682	2578.000000	2566.297363	2601.000000	2328.648682	
652	2551.980957	2613.679443	2626.320557	2572.660400	2586.000000	2578.000000	2564.660400	2601.000000	2328.679443	
653	2549.672119	2614.016113	2624.016113	2571.344238	2586.000000	2578.327881	2564.983887	2600.344238	2330.000000	
654	2549.000000	2612.000000	2621.050781	2570.316406	2587.898438	2578.050781	2567.316406	2597.734375	2330.949219	
655	2549.304688	2611.390381	2618.695312	2571.304688	2591.085693	2575.695312	2568.304688	2594.695312	2331.780762	
656	2549.413818	2611.172363	2616.827637	2572.879395	2588.413818	2574.706787	2568.706787	2594.293213	2329.586182	
657	2548.844971	2614.000000	2613.718262	2575.281738	2586.718262	2574.281738	2568.563232	2595.844971	2330.436768	
658	2549.914795	2614.000000	2615.984375	2577.627930	2585.457275	2575.271240	2569.186035	2598.542725	2328.728760	
659	2548.046631	2614.000000	2625.046631	2581.476807	2584.000000	2576.523193	2566.476807	2598.953369	2327.738281	
660	2549.740479	2613.244141	2629.259521	2578.992188	2583.748047	2577.496094	2566.007812	2596.000000	2327.503906	
661	2546.724854	2611.000000	2633.241699	2576.000000	2582.758301	2575.758301	2568.033447	2595.516846	2328.275146	
662	2550.391357	2611.463867	2635.855225	2576.000000	2583.855225	2575.695801	2565.463867	2594.463867	2326.695801	
663	2554.778076	2613.221924	2642.444092	2576.221924	2588.889893	2578.888184	2566.778076	2596.000000	2329.221924	
664	2554.847656	2613.364258	2643.576172	2577.211914	2586.695312	2583.483398	2566.211914	2596.211914	2329.788086	
665	2557.397705	2611.401611	2641.598389	2577.799316	2593.000000	2588.598389	2567.000000	2596.397705	2329.200684	
666	2554.810059	2613.569580	2640.000000	2577.379639	2592.620361	2587.759277	2567.379639	2594.759277	2329.810059	
667	2554.178955	2615.105713	2639.284668	2578.463379	2590.642334	2590.463379	2568.821045	2597.642334	2328.821045	
668	2554.161133	2611.335693	2635.328857	2576.503418	2589.671143	2587.161133	2567.664307	2596.335693	2328.503418	
669	2550.000000	2613.311523	2631.532715	2579.000000	2592.532715	2582.688477	2566.000000	2597.688477	2330.844238	
670	2550.286865	2614.569580	2629.573975	2579.286865	2590.000000	2580.713135	2566.000000	2596.143555	2329.713135	
671	2551.869873	2612.000000	2632.609863	2580.609863	2590.130127	2579.390137	2566.000000	2596.739746	2327.739746	
672	2551.349609	2612.233154	2630.466309	2577.650391	2591.000000	2582.815918	2566.233154	2595.000000	2325.883545	
673	2554.000000	2614.000000	2633.695312	2575.000000	2591.101562	2589.000000	2568.000000	2595.000000	2325.101562	
674	2554.173340	2613.913330	2630.913330	2574.653564	2591.826660	2589.260010	2568.173340	2595.000000	2326.173340	
675	2555.787842	2612.858398	2630.353760	2571.070801	2589.858398	2591.929199	2569.929199	2594.929199	2327.787842	
676	2553.056152	2611.112305	2634.943848	2572.056152	2587.831543	2590.269775	2569.000000	2594.056152	2325.000000	
677	2554.041748	2612.958252	2634.041748	2573.000000	2585.125244	2578.000000	2568.874756	2595.083496	2325.083496	
678	2555.027588	2612.000000	2635.000000	2573.138428	2588.000000	2577.916992	2565.972412	2596.889404	2327.027588	
679	2555.987061	2611.961182	2635.000000	2577.987061	2587.948242	2574.974121	2565.000000	2592.987061	2327.987061	
680	2555.001709	2609.004883	2635.000000	2577.001709	2584.006592	2573.003418	2565.000000	2592.001709	2327.001709	
681	2559.915039	2610.966064	2636.966064	2580.932129	2586.948975	2573.982910	2565.000000	2592.982910	2326.017090	
682	2562.906250	2611.000000	2636.031250	2577.124756	2586.031250	2573.031250	2566.937500	2593.000000	2328.906250	
683	2563.000000	2611.954102	2639.815918	2580.815918	2588.862061	2578.723877	2570.815918	2599.677979	2328.045898	
684	2563.000000	2612.000000	2638.120850	2582.879150	2587.120850	2576.181152	2570.060303	2599.060303	2328.939697	
685	2558.376221	2612.924805	2636.150391	2580.225586	2584.225586	2574.150391	2570.000000	2603.623779	2328.075195	
686	2559.819824	2613.909912	2635.090088	2578.180176	2582.180176	2578.549805	2567.270264	2603.090088	2328.000000	
687	2558.210205	2611.315186	2633.210205	2574.420166	2581.104980	2580.789795	2565.210205	2603.000000	2330.684814	
688	2558.000000	2612.759277	2631.240723	2576.638672	2577.481689	2579.240723	2567.638672	2603.879639	2330.120361	
689	2559.728760	2613.000000	2632.728760	2577.864258	2577.000000	2580.728760	2567.135742	2604.000000	2328.271240	
690	2560.849365	2611.301270	2631.301270	2572.054199	2575.301270	2581.849365	2564.451904	2599.752930	2328.000000	
691	2558.496826	2614.337402	2630.165527	2571.000000	2580.840576	2582.834473	2567.337402	2595.662598	2328.000000	
692	2558.000000	2611.720215	2627.540039	2566.900146	2582.820068	2583.820068	2566.360107	2590.900146	2327.179932	
693	2558.805420	2611.805420	2627.805420	2570.026611	2586.221191	2582.389404	2565.194580	2589.194580	2328.610596	
694	2559.790527	2608.837402	2628.000000	2569.418701	2588.581299	2581.209473	2564.209473	2585.046875	2328.209473	
695	2559.224121	2613.430908	2629.551758	2573.655029	2592.103516	2584.103516	2567.879395	2588.655029	2328.775879	
696	2559.761475	2614.238525	2630.761475	2576.522949	2593.761475	2581.954102	2567.477051	2590.761475	2327.477051	
697	2561.494873	2615.494873	2631.747314	2575.505127	2593.252686	2577.262939	2567.747314	2591.000000	2328.494873	
698	2561.265869	2614.531738	2628.329346	2575.734131	2592.265869	2574.531738	2565.797607	2589.531738	2327.531738	
699	2557.393066	2613.278564	2626.278564	2576.000000	2589.835693	2577.606934	2565.721436	2589.721436	2327.721436	
700	2556.000000	2613.000000	2623.872559	2573.163330	2584.035889	2576.872559	2565.290771	2588.581787	2328.000000	
701	2555.302979	2609.515381	2621.606201	2572.697021	2582.697021	2579.484619	2567.090820	2585.212402	2328.697021	
702	2557.740723	2609.370361	2623.055420	2572.314941	2580.944580	2582.370361	2565.944580	2584.000000	2331.055420	
703	2561.020752	2610.000000	2628.714844	2575.367676	2582.020752	2585.694336	2567.020752	2581.305664	2329.305664	
704	2562.000000	2608.675537	2632.986572	2576.337891	2581.675537	2586.337891	2566.013428	2581.324463	2329.324463	
705	2563.952148	2610.603027	2636.603027	2577.301514	2585.555176	2587.952148	2566.301514	2583.301514	2328.047852	
706	2565.000000	2610.719971	2639.280029	2578.000000	2587.360107	2583.880127	2566.360107	2584.639893	2327.639893	
707	2561.220459	2612.519531	2639.370117	2577.370117	2587.629883	2581.629883	2565.370117	2590.039307	2328.000000	
708	2557.140869	2612.140869	2638.380371	2576.380371	2587.380371	2580.140869	2563.760742	2592.380371	2327.380371	
709	2552.954346	2611.000000	2634.345215	2573.563477	2586.390869	2580.218262	2566.045654	2596.873291	2328.218262	
710	2552.197510	2611.000000	2630.203857	2572.598633	2585.401367	2580.401367	2568.000000	2601.796143	2328.401367	
711	2553.000000	2612.176270	2628.411865	2569.471191	2582.647461	2580.000000	2568.588135	2607.116943	2328.000000	
712	2552.422852	2611.845703	2626.268555	2567.000000	2581.577148	2577.691406	2568.422852	2607.114258	2328.000000	
713	2553.696289	2613.261719	2628.958008	2569.827148	2582.000000	2576.565430	2569.130859	2606.696289	2327.434570	
714	2555.000000	2615.000000	2632.553223	2570.893555	2582.000000	2577.553223	2569.446777	2605.233887	2327.553223	
715	2553.918213	2614.458984	2634.622803	2571.081787	2585.245605	2577.458984	2569.541016	2601.918213	2328.000000	
716	2553.000000	2614.000000	2636.000000	2570.414307	2586.414307	2575.414307	2568.942871	2599.414307	2328.000000	
717	2552.484131	2612.968506	2636.000000	2569.000000	2584.484131	2577.610352	2568.000000	2598.000000	2327.484131	
718	2551.497559	2613.507568	2635.497559	2567.995117	2584.000000	2579.492432	2566.995117	2596.995117	2326.497559	
719	2551.000000	2613.532959	2636.467041	2567.489014	2585.467041	2578.978027	2566.489014	2597.467041	2326.489014	
720	2551.475342	2612.475342	2637.049316	2568.475342	2587.000000	2580.475342	2566.524658	2599.475342	2325.098633	
721	2553.383789	2611.154785	2634.154785	2572.690186	2588.383789	2579.154785	2566.000000	2599.538818	2323.922607	
722	2557.681152	2610.340576	2632.446777	2577.446777	2588.659424	2578.787354	2566.893799	2598.106201	2327.681152	
723	2560.135986	2613.295898	2630.840088	2578.864014	2587.000000	2580.568115	2566.704102	2596.568115	2330.568115	
724	2559.000000	2613.332275	2626.749268	2578.749268	2586.166016	2579.583008	2564.583008	2595.583008	2329.583008	
725	2558.597900	2611.000000	2626.206299	2577.804199	2585.402100	2579.402100	2566.010742	2596.608643	2328.597900	
726	2557.224609	2610.612305	2628.000000	2578.224609	2584.836914	2579.224609	2567.836914	2597.836914	2328.775391	
727	2556.000000	2610.747559	2629.121338	2576.252441	2585.242432	2578.747559	2566.373779	2597.868652	2329.626221	
728	2554.201660	2612.359619	2631.000000	2574.640381	2588.640381	2578.561279	2566.640381	2602.079102	2330.079102	
729	2548.581055	2612.654541	2632.727783	2574.000000	2588.345459	2575.308838	2566.000000	2604.345459	2330.963379	
730	2544.662354	2612.331055	2635.006592	2572.344238	2588.337646	2574.000000	2565.668945	2603.344238	2329.993408	
731	2546.316895	2612.049316	2634.267578	2570.584473	2586.366211	2573.049316	2564.366211	2599.049316	2331.049316	
732	2547.908203	2610.908203	2636.091797	2574.302734	2584.394531	2571.000000	2563.000000	2595.789062	2328.697266	
733	2549.711426	2612.711426	2633.134033	2575.577393	2583.000000	2572.443359	2564.443359	2593.000000	2327.711426	
734	2549.548584	2612.548584	2630.451416	2577.274170	2583.000000	2576.000000	2568.000000	2592.725830	2327.000000	
735	2552.039062	2613.740234	2629.259766	2578.519531	2583.779297	2576.519531	2568.000000	2592.779297	2327.000000	
736	2555.245117	2612.264648	2629.754883	2580.000000	2585.509766	2577.264648	2567.509766	2594.754883	2326.509766	
737	2556.461426	2610.692139	2630.384521	2580.230713	2584.692139	2575.692139	2566.692139	2594.922852	2325.230713	
738	2558.000000	2613.000000	2635.000000	2581.215820	2587.000000	2577.784180	2567.920410	2598.647705	2326.000000	
739	2559.409180	2613.201416	2635.201416	2582.805176	2588.409180	2577.604004	2564.402588	2601.000000	2326.604004	
740	2564.254639	2614.000000	2635.440918	2585.254639	2594.186279	2580.000000	2565.813721	2601.000000	2328.813721	
741	2561.514893	2613.656738	2632.485107	2580.970459	2595.514893	2580.514893	2565.171631	2600.313721	2328.343262	
742	2563.530518	2612.156494	2630.156494	2575.374023	2597.061035	2583.312988	2566.000000	2596.687012	2330.156494	
743	2561.141602	2613.283203	2631.000000	2572.000000	2591.858398	2585.425049	2566.000000	2594.858398	2331.000000	
744	2561.621582	2614.621582	2630.495605	2571.873779	2590.369385	2588.252197	2565.873779	2594.000000	2330.873779	
745	2559.000000	2611.889404	2627.000000	2571.331787	2585.557617	2590.000000	2565.442383	2594.110596	2330.110596	
746	2559.472412	2611.188965	2627.000000	2574.094482	2581.622070	2590.094482	2568.811035	2594.811035	2330.716553	
747	2563.764893	2613.078369	2626.843262	2575.235107	2577.843262	2591.000000	2567.078369	2593.470215	2327.921631	
748	2561.122803	2614.000000	2625.122803	2577.877197	2575.938477	2590.877197	2567.877197	2598.815674	2326.938477	
749	2562.778320	2614.044434	2626.955566	2576.044434	2575.088623	2588.866943	2566.133057	2596.044434	2326.133057	
750	2558.052490	2614.947510	2626.000000	2576.973633	2577.105225	2585.921143	2568.894775	2596.894775	2328.973633	
751	2560.008057	2613.008057	2626.024170	2576.000000	2581.072754	2582.943359	2565.024170	2593.008057	2328.000000	
752	2560.989014	2613.989014	2628.967041	2576.000000	2589.900879	2576.076904	2567.967041	2593.989014	2328.000000	
753	2558.088623	2612.059082	2629.000000	2576.000000	2591.940918	2574.059082	2567.029541	2590.118408	2330.911377	
754	2557.048828	2615.804932	2630.902344	2580.756104	2592.951172	2577.804932	2568.902344	2593.804932	2331.000000	
755	2558.865234	2616.000000	2632.865234	2580.067383	2593.932617	2577.067383	2568.067383	2594.000000	2330.067383	
756	2560.826172	2617.826172	2633.913086	2585.478516	2593.086914	2577.913086	2569.826172	2597.652344	2330.000000	
757	2559.214600	2616.214600	2634.000000	2583.322021	2594.785400	2578.000000	2566.429199	2597.107422	2330.892578	
758	2558.129639	2614.259521	2636.610840	2580.389160	2594.129639	2581.480957	2569.480957	2597.000000	2331.870361	
759	2560.542236	2614.000000	2636.152588	2580.000000	2595.694824	2581.152588	2567.457764	2599.542236	2331.152588	
760	2557.702148	2617.297852	2634.351074	2578.351074	2593.526611	2582.648926	2566.175537	2599.175537	2327.702148	
761	2561.010742	2614.791504	2629.989258	2573.187012	2592.197754	2578.989258	2566.802246	2599.000000	2327.000000	
762	2561.220215	2613.220215	2629.779785	2570.440186	2589.660400	2581.119629	2568.559814	2596.660400	2322.320557	
763	2556.450928	2611.483643	2628.483643	2570.000000	2582.934570	2580.483643	2567.483643	2596.000000	2318.725342	
764	2555.737061	2613.211182	2628.737061	2572.211182	2578.788818	2577.051758	2567.000000	2597.474121	2318.000000	
765	2556.000000	2614.000000	2631.867676	2572.283203	2577.283203	2574.566162	2566.283203	2595.849365	2315.132324	
766	2555.303223	2611.909424	2635.090576	2574.090576	2579.787598	2576.090576	2566.696777	2595.696777	2313.303223	
767	2558.388672	2612.355469	2637.355469	2575.000000	2583.710938	2577.677734	2568.355469	2592.611328	2312.322266	
768	2561.979492	2613.659912	2636.680420	2577.639160	2583.680420	2579.319580	2569.000000	2592.319580	2315.299072	
769	2561.069092	2614.643555	2635.356445	2579.000000	2583.643555	2580.643555	2565.781738	2593.000000	2318.287354	
770	2560.000000	2614.371582	2630.601074	2579.000000	2585.885254	2581.628418	2564.628418	2589.229492	2322.770508	
771	2559.385986	2615.228027	2627.385986	2579.614014	2583.315674	2582.614014	2566.228027	2586.385986	2326.842041	
772	2557.798584	2614.798584	2623.996582	2579.399414	2579.798584	2580.597412	2566.399414	2587.201416	2331.604004	
773	2557.000000	2614.000000	2620.233643	2577.822266	2577.822266	2577.233643	2566.000000	2588.000000	2332.233643	
774	2555.264893	2611.686523	2621.313477	2577.000000	2577.000000	2575.421631	2567.735107	2593.205566	2333.892090	
775	2554.000000	2611.136475	2621.295166	2574.727051	2575.863525	2574.431641	2567.863525	2596.431641	2335.431641	
776	2551.769287	2612.000000	2621.115479	2571.326904	2576.115479	2572.884521	2567.000000	2597.673096	2336.673096	
777	2548.357666	2611.452637	2622.547363	2566.715332	2577.547363	2572.547363	2565.357666	2596.262695	2338.547363	
778	2547.537842	2611.000000	2626.765137	2564.537842	2581.227295	2575.151367	2564.537842	2592.386475	2338.462158	
779	2549.057861	2612.057861	2629.471191	2566.586670	2585.057861	2574.355469	2563.942139	2588.355469	2338.000000	
780	2552.080566	2612.479980	2632.120605	2569.560303	2591.721191	2574.600586	2564.040283	2588.080566	2338.000000	
781	2552.976562	2609.953125	2633.976562	2572.535156	2596.488281	2577.000000	2565.000000	2590.000000	2338.511719	
782	2554.016602	2609.512451	2633.504150	2575.512451	2598.520752	2579.016602	2565.504150	2591.512451	2337.991699	
783	2556.000000	2611.994141	2632.508545	2576.502930	2600.005859	2580.502930	2566.994141	2594.491455	2337.994141	
784	2557.469971	2612.510010	2632.959961	2577.469971	2598.510010	2581.959961	2569.469971	2596.000000	2337.530029	
785	2558.516846	2613.449463	2633.067383	2577.067383	2597.033691	2583.033691	2570.516846	2596.000000	2337.449463	
786	2558.953369	2615.476807	2632.430176	2577.383545	2596.000000	2582.000000	2570.476807	2594.569824	2337.569824	
787	2558.588867	2614.118652	2633.529541	2578.588867	2594.588867	2583.411133	2569.118652	2593.470459	2337.881348	
788	2557.927246	2612.000000	2635.318359	2578.391113	2592.072754	2584.072754	2566.536377	2594.000000	2340.000000	
789	2559.913330	2611.086670	2637.543213	2581.826904	2590.543213	2581.629883	2566.000000	2593.086670	2340.456787	
790	2560.550781	2610.898438	2637.449219	2584.898438	2590.000000	2580.898438	2567.347656	2594.246338	2340.550781	
791	2558.235107	2610.676514	2636.676514	2585.117676	2587.793945	2582.441162	2567.676514	2595.676514	2340.000000	
792	2555.134277	2610.298584	2632.402588	2582.701416	2585.000000	2583.000000	2566.432861	2593.567139	2336.969727	
793	2553.575928	2612.848145	2628.151855	2579.303467	2584.151855	2581.727783	2567.424072	2590.455322	2331.727783	
794	2553.830078	2614.830078	2625.754883	2575.754883	2582.584961	2580.415039	2569.245117	2587.000000	2326.679932	
795	2556.621582	2615.594482	2624.810791	2572.378418	2581.189209	2579.378418	2570.189209	2585.783691	2320.378418	
796	2560.186035	2614.604736	2627.976807	2569.604736	2579.604736	2576.604736	2569.395264	2584.395264	2320.767578	
797	2563.539795	2614.000000	2631.000000	2569.000000	2579.000000	2576.000000	2569.614990	2585.769775	2330.774170	
798	2566.748291	2614.374268	2631.748291	2571.245117	2580.122559	2576.748291	2569.374268	2588.122559	2354.966797	
799	2566.185791	2613.911621	2631.911621	2573.911621	2582.362793	2577.637207	2568.548828	2590.362793	2389.070557	
800	2562.297852	2612.351074	2630.000000	2572.702148	2584.404053	2577.000000	2566.000000	2592.052979	2431.677246	
801	2559.306885	2614.015869	2631.015869	2573.322754	2587.338623	2576.322754	2567.015869	2594.677246	2498.270264	
802	2556.977295	2615.674316	2633.325684	2572.000000	2589.303223	2575.000000	2569.651611	2596.651611	2558.714111	
803	2557.438232	2614.687744	2634.624756	2572.000000	2591.375244	2574.687744	2569.750488	2597.375244	2625.556885	
804	2554.897461	2613.401611	2638.094238	2573.196777	2590.299072	2573.401611	2567.897461	2596.000000	2671.642334	
805	2555.858154	2612.000000	2642.714600	2576.285400	2591.571045	2572.571045	2569.428955	2596.000000	2730.848633	
806	2552.457275	2612.542725	2641.728760	2577.271240	2594.085449	2574.542725	2568.271240	2596.813965	2769.124756	
807	2549.715576	2613.486328	2640.486328	2578.513672	2596.486328	2575.486328	2568.486328	2598.229248	2803.623779	
808	2546.242432	2612.242432	2639.484619	2580.484619	2595.242432	2575.454102	2567.484619	2597.211670	2823.301270	
809	2547.909180	2613.227295	2640.545410	2582.454590	2595.772705	2580.227295	2569.227295	2601.227295	2844.363770	
810	2551.424316	2614.212158	2640.272949	2583.151367	2594.575684	2582.272949	2570.424316	2602.636475	2849.212158	
811	2553.000000	2614.606201	2644.802979	2579.802979	2592.606201	2587.197021	2571.606201	2605.000000	2849.212402	
812	2553.364746	2613.547119	2644.547119	2578.635254	2591.547119	2588.182373	2569.817627	2604.817627	2844.723389	
813	2555.335449	2614.993896	2647.335449	2576.329102	2593.664551	2589.000000	2569.000000	2603.161621	2838.496826	
814	2556.233643	2610.613037	2647.773926	2574.072754	2592.000000	2588.846680	2568.693359	2598.540283	2834.467285	
815	2551.861572	2614.000000	2640.584473	2579.723145	2591.723145	2587.723145	2567.000000	2595.723145	2825.861572	
816	2550.876221	2614.247803	2637.380615	2578.866943	2590.247803	2585.876221	2567.000000	2594.247803	2824.256836	
817	2550.218262	2615.672852	2633.000000	2584.563721	2591.672852	2584.781738	2567.218262	2596.000000	2819.327148	
818	2552.094971	2613.284912	2633.000000	2581.189941	2589.379883	2583.189941	2569.189941	2596.189941	2822.284912	
819	2553.241455	2615.839111	2633.160889	2582.597412	2593.000000	2585.160889	2571.000000	2598.080566	2825.080566	
820	2556.133057	2613.933350	2634.933350	2577.866943	2592.800293	2587.066650	2570.866943	2599.133057	2826.399170	
821	2558.104004	2613.104004	2634.104004	2576.104004	2590.052002	2587.895996	2568.895996	2601.000000	2832.312256	
822	2559.962158	2615.000000	2636.000000	2578.037842	2591.000000	2586.000000	2567.151611	2601.151611	2838.227295	
823	2558.953125	2614.976562	2635.929688	2578.953125	2590.812256	2585.882568	2570.906250	2605.000000	2844.070312	
824	2557.018555	2613.990723	2633.036865	2577.027832	2583.009277	2581.027832	2567.018555	2604.990723	2847.073975	
825	2558.987793	2613.006104	2636.975586	2579.981689	2583.993896	2583.981689	2568.987793	2604.006104	2854.951416	
826	2557.043945	2614.956055	2633.087891	2580.000000	2580.087891	2581.065918	2570.956055	2596.176025	2859.889893	
827	2559.883789	2612.116211	2636.845215	2578.077393	2580.961182	2583.883789	2571.000000	2595.038818	2865.767822	
828	2560.944580	2614.833496	2635.111084	2578.000000	2580.055420	2584.944580	2566.277588	2589.333008	2866.944580	
829	2560.072998	2612.218994	2635.927002	2571.510986	2580.000000	2581.291992	2566.927002	2581.583984	2871.635010	
830	2558.180176	2613.819824	2636.909912	2573.729736	2584.549561	2578.270264	2567.000000	2582.819824	2873.819824	
831	2559.785400	2614.892822	2639.678223	2572.214600	2587.678223	2575.321777	2567.892822	2584.785400	2873.107178	
832	2558.248535	2612.372803	2637.372803	2569.372803	2586.248535	2574.124268	2568.875732	2587.627197	2872.124268	
833	2559.716553	2613.716553	2638.716553	2570.716553	2585.141602	2574.858398	2569.858398	2593.149902	2872.000000	
834	2559.158691	2611.476074	2635.634766	2569.317383	2580.793457	2573.317383	2567.476074	2597.365234	2874.523926	
835	2555.703857	2611.000000	2632.527832	2573.120117	2582.472168	2575.472168	2567.823975	2600.472168	2871.703857	
836	2554.193115	2612.613770	2629.579346	2574.806885	2580.579346	2576.806885	2568.806885	2598.579346	2871.000000	
837	2553.210449	2613.000000	2626.631348	2577.368652	2583.158203	2580.947510	2566.631348	2595.631348	2867.841797	
838	2551.454834	2612.227295	2624.454834	2578.000000	2581.682129	2582.772705	2566.772705	2594.227295	2868.545166	
839	2551.000000	2615.023193	2624.755859	2578.000000	2582.511475	2584.511475	2568.511475	2594.000000	2870.511475	
840	2554.697510	2613.781494	2625.739502	2574.302490	2583.000000	2582.041992	2568.260498	2592.520996	2870.260498	
841	2556.000000	2613.723145	2629.615479	2575.892578	2584.446289	2580.276855	2567.276855	2592.000000	2869.276855	
842	2558.122803	2614.707520	2630.292480	2574.877197	2582.877197	2577.877197	2567.707520	2595.538086	2871.830566	
843	2556.922607	2613.614990	2630.000000	2571.922607	2581.307617	2577.000000	2569.385010	2599.077393	2870.230225	
844	2556.677734	2612.322266	2629.322266	2569.644531	2579.644531	2577.000000	2568.644531	2599.322266	2871.033203	
845	2557.663086	2612.663086	2629.000000	2567.010742	2580.989258	2578.989258	2568.000000	2600.989258	2872.000000	
846	2558.648926	2613.648926	2627.702148	2566.648926	2583.947021	2579.351074	2567.351074	2600.052979	2873.947021	
847	2560.905762	2613.364746	2628.270508	2568.905762	2586.270508	2579.635254	2568.270508	2600.905762	2873.729492	
848	2561.378174	2612.378174	2630.243652	2571.243652	2588.865479	2576.890869	2567.134521	2602.000000	2875.487305	
849	2560.391602	2610.783203	2634.041748	2573.216797	2591.825195	2573.174805	2565.391602	2599.566406	2876.391602	
850	2560.595459	2611.190918	2636.000000	2572.213623	2591.809082	2570.809082	2564.404541	2596.213623	2876.000000	
851	2559.834229	2612.582764	2636.582764	2573.331299	2590.417236	2567.085938	2564.000000	2595.582764	2877.748535	
852	2559.000000	2614.710693	2638.710693	2575.570312	2589.429688	2565.570312	2564.570312	2594.289307	2880.140381	
853	2557.885254	2616.557373	2638.885254	2579.343994	2589.557373	2569.343994	2567.229492	2594.672119	2879.327881	
854	2557.000000	2614.275879	2635.820557	2581.455078	2587.820557	2574.179443	2567.365479	2595.455078	2879.634521	
855	2559.131104	2613.065674	2634.000000	2583.131104	2585.467285	2578.664062	2568.664062	2595.000000	2882.598389	
856	2559.435059	2613.478271	2632.956543	2582.391602	2585.521729	2583.608398	2568.913330	2593.956543	2884.521729	
857	2559.534180	2613.000000	2633.534180	2580.000000	2586.511475	2586.511475	2568.534180	2594.022705	2886.022705	
858	2560.498535	2612.498535	2634.498535	2577.993896	2587.501465	2585.996826	2567.993896	2595.000000	2887.501465	
859	2562.459717	2612.000000	2634.491943	2574.524170	2588.000000	2585.983887	2567.475830	2597.951660	2886.524170	
860	2565.000000	2612.481689	2635.000000	2573.963135	2586.073486	2585.073486	2567.555176	2599.073486	2885.963135	
861	2564.059570	2612.529785	2635.470215	2575.470215	2583.529785	2583.000000	2565.529785	2598.880859	2887.940430	
862	2562.083496	2612.458252	2634.625244	2575.541748	2582.541748	2579.792236	2565.916504	2598.250488	2888.541748	
863	2561.445801	2613.445801	2633.000000	2576.783447	2585.120850	2577.337646	2567.445801	2596.337646	2887.554199	
864	2562.000000	2614.000000	2633.000000	2578.567383	2588.134766	2580.297852	2568.432617	2596.269531	2887.000000	
865	2563.675049	2615.256104	2633.837402	2579.256104	2588.256104	2584.093750	2568.581299	2593.162598	2888.256104	
866	2566.404297	2616.595703	2635.808594	2579.787109	2590.000000	2585.787109	2568.404297	2589.574219	2890.404297	
867	2565.442383	2615.610596	2638.557617	2578.389404	2593.115234	2586.725830	2569.389404	2586.778809	2891.778809	
868	2561.506104	2614.252930	2640.252930	2577.506104	2597.626465	2587.638428	2570.000000	2587.252930	2894.120605	
869	2556.146729	2613.000000	2639.713379	2576.783203	2595.573486	2582.356689	2570.000000	2587.070068	2894.573486	
870	2550.660400	2613.339600	2639.302246	2578.981445	2591.981445	2581.981445	2568.641846	2589.678955	2893.018555	
871	2550.645508	2614.000000	2637.291016	2575.708984	2588.708984	2580.000000	2567.291016	2592.936523	2894.031738	
872	2552.305908	2613.388184	2639.694092	2571.776367	2584.776367	2578.164795	2568.776367	2596.694092	2892.305908	
873	2554.443359	2612.000000	2637.845215	2568.711426	2582.288574	2573.711426	2566.577393	2596.000000	2892.422607	
874	2558.813965	2612.000000	2634.457520	2567.457520	2583.000000	2573.271240	2567.457520	2595.728760	2891.271240	
875	2560.491943	2611.491943	2633.762207	2567.016357	2583.508057	2573.237793	2566.762207	2594.491943	2892.762207	
876	2559.946289	2609.763428	2636.236572	2570.473145	2585.709717	2570.290283	2568.526855	2591.817139	2895.000000	
877	2562.781250	2609.656250	2637.000000	2572.875244	2589.968994	2568.875244	2567.437500	2588.000000	2895.656250	
878	2562.000000	2612.802246	2636.398193	2576.601807	2597.200684	2572.000000	2569.000000	2587.799316	2897.598877	
879	2561.269775	2615.817383	2633.452393	2578.817383	2598.000000	2572.547607	2569.182617	2587.547607	2896.000000	
880	2558.000000	2615.164307	2630.506836	2577.671387	2597.835693	2575.000000	2569.506836	2589.835693	2896.000000	
881	2558.292236	2615.561768	2627.854004	2576.000000	2596.269775	2575.584229	2567.292236	2590.022461	2895.854004	
882	2560.253906	2613.126953	2627.253906	2576.253906	2591.746094	2579.253906	2568.746094	2596.000000	2895.380615	
883	2561.462158	2613.784912	2629.107666	2578.000000	2589.892334	2581.000000	2567.107666	2596.215088	2897.784912	
884	2557.000000	2612.176270	2630.088135	2578.000000	2588.823730	2580.823730	2568.088135	2597.911865	2895.911865	
885	2556.931641	2614.205322	2631.136719	2578.342041	2586.726318	2579.136719	2568.863281	2597.478760	2895.068359	
886	2556.000000	2616.758057	2632.951660	2582.951660	2583.096680	2580.903320	2566.854980	2603.854980	2895.951660	
887	2556.028564	2612.085449	2631.885986	2581.971436	2585.170898	2578.971436	2564.142334	2601.114014	2895.085449	
888	2556.983398	2615.016602	2627.975098	2580.983398	2591.000000	2578.000000	2569.000000	2604.950195	2898.016602	
889	2555.022949	2616.977051	2625.034424	2579.022949	2591.000000	2578.000000	2569.000000	2599.068604	2899.977051	
890	2555.000000	2613.130615	2621.130615	2574.163086	2594.869385	2578.967285	2568.032715	2595.130615	2897.097900	
891	2555.000000	2613.946533	2619.107178	2574.000000	2593.107178	2578.053467	2566.107178	2593.107178	2894.160645	
892	2555.925537	2612.149170	2623.627197	2575.850830	2591.149170	2578.925537	2568.776367	2590.223633	2901.403809	
893	2555.095215	2612.904785	2624.904785	2571.476318	2591.904785	2578.095215	2566.285889	2590.904785	2900.190430	
894	2557.651855	2613.884033	2629.419922	2572.768066	2592.884033	2578.884033	2567.768066	2593.651855	2901.768066	
895	2561.454834	2615.727539	2633.454834	2574.727539	2596.454834	2578.136230	2571.454834	2597.454834	2903.727539	
896	2557.781738	2615.156250	2634.843750	2572.468994	2597.000000	2574.625244	2570.312744	2598.843750	2900.625244	
897	2556.176025	2613.352051	2635.823975	2574.471924	2598.647949	2570.704102	2570.000000	2598.176025	2900.823975	
898	2551.978271	2613.804443	2636.000000	2575.000000	2600.608643	2570.000000	2569.195557	2601.217285	2896.174072	
899	2551.785400	2614.785400	2635.214600	2575.785400	2595.502686	2570.785400	2568.214600	2598.073486	2895.785400	
900	2552.766357	2612.700684	2639.598633	2577.532959	2586.335449	2576.365234	2568.766357	2596.233643	2896.766357	
901	2553.748291	2612.000000	2638.007080	2578.000000	2584.000000	2575.755371	2567.503662	2594.503662	2894.007080	
902	2556.190430	2613.460449	2637.000000	2579.460449	2586.190430	2577.920654	2567.000000	2591.809570	2895.920654	
903	2557.000000	2614.000000	2637.712158	2579.287842	2584.863525	2579.000000	2567.000000	2592.424316	2899.848877	
904	2560.470703	2614.694092	2638.000000	2579.000000	2588.858887	2577.611816	2567.694092	2591.611816	2899.611816	
905	2560.647705	2613.647705	2635.971680	2579.676025	2588.295654	2574.971680	2566.647705	2589.647705	2899.000000	
906	2555.394043	2614.315918	2635.000000	2581.315918	2588.973877	2574.000000	2567.973877	2594.263916	2899.000000	
907	2554.279541	2614.360107	2632.440674	2582.000000	2589.360107	2575.279541	2568.360107	2596.360107	2900.279541	
908	2555.000000	2615.243408	2631.621826	2582.000000	2589.621826	2577.243408	2568.621826	2597.865234	2901.000000	
909	2553.792236	2614.188477	2630.188477	2582.000000	2588.188477	2577.396240	2569.000000	2599.603760	2900.396240	
910	2553.000000	2614.757568	2629.000000	2579.070557	2585.828125	2576.414062	2568.414062	2603.515381	2898.242432	
911	2553.567627	2614.296875	2629.000000	2574.161377	2583.864502	2575.432373	2569.135498	2606.567627	2899.270752	
912	2552.900879	2613.000000	2630.648682	2570.351318	2582.450439	2573.351318	2568.900879	2605.351318	2898.801758	
913	2552.531494	2613.531494	2629.342773	2569.000000	2579.342773	2570.937256	2568.000000	2602.405762	2899.125732	
914	2554.539551	2613.486816	2629.565918	2569.513184	2576.486816	2569.486816	2569.026367	2600.486816	2898.947266	
915	2556.494873	2613.000000	2631.010010	2568.515137	2576.000000	2569.000000	2568.515137	2598.515137	2899.474854	
916	2556.522949	2615.385010	2631.907959	2571.292969	2576.000000	2570.430908	2568.907959	2595.569092	2902.000000	
917	2557.377197	2617.081787	2632.622803	2575.081787	2578.295410	2572.918213	2569.622803	2594.458984	2903.377197	
918	2558.559082	2616.000000	2632.764160	2574.000000	2584.969238	2574.000000	2568.882080	2595.440918	2905.882080	
919	2557.153564	2615.153564	2633.730225	2574.423340	2591.692871	2574.846436	2569.153564	2595.576660	2905.730225	
920	2556.000000	2614.406006	2634.435547	2574.593994	2593.593994	2578.029541	2568.811768	2597.029541	2904.000000	
921	2555.221924	2614.221924	2638.000000	2573.221924	2593.000000	2581.000000	2568.833008	2600.778076	2903.221924	
922	2553.627441	2613.744873	2639.489990	2572.744873	2593.372559	2582.489990	2566.255127	2603.862305	2902.372559	
923	2554.068848	2613.218750	2641.643799	2574.712646	2592.574951	2584.643799	2564.643799	2607.356201	2902.287354	
924	2554.977051	2610.681885	2641.000000	2577.364014	2590.000000	2584.341064	2565.364014	2608.681885	2902.022949	
925	2552.673096	2611.673096	2640.346191	2581.634277	2589.346191	2583.692627	2567.019531	2608.038818	2904.653809	
926	2552.941406	2611.941406	2639.941406	2586.255127	2587.372314	2581.941406	2566.882812	2604.313721	2905.686279	
927	2555.301514	2614.000000	2641.396973	2589.301514	2585.396973	2583.698486	2569.492188	2605.301514	2904.698486	
928	2555.420410	2614.289795	2640.289795	2589.420410	2584.289795	2583.289795	2567.448730	2605.710205	2905.158936	
929	2554.278076	2614.443848	2639.609619	2586.331543	2585.000000	2583.443848	2570.721924	2604.443848	2907.443848	
930	2554.734131	2612.734131	2636.531738	2581.468262	2585.531738	2582.265869	2570.265869	2601.670898	2905.202393	
931	2553.493652	2612.253174	2635.720947	2579.493652	2587.000000	2583.000000	2569.987061	2597.493652	2903.000000	
932	2552.481445	2613.000000	2629.000000	2577.518555	2587.481445	2582.759277	2567.481445	2594.555420	2902.759277	
933	2553.771729	2613.000000	2628.315430	2575.771729	2587.859131	2582.456299	2568.315430	2589.543701	2902.000000	
934	2553.000000	2613.430908	2626.430908	2574.784668	2585.077148	2583.138428	2566.646240	2589.077148	2901.569092	
935	2553.607910	2614.594727	2628.202637	2573.594727	2589.000000	2579.594727	2568.392090	2592.797363	2900.405273	
936	2555.430176	2613.569824	2630.519531	2572.189941	2589.000000	2578.189941	2566.379883	2592.949707	2901.810059	
937	2552.645508	2615.291260	2636.468262	2573.177246	2588.291260	2579.177246	2568.177246	2597.531738	2901.531738	
938	2550.507080	2612.328613	2633.507080	2573.507080	2585.821777	2579.342773	2569.000000	2600.164307	2904.000000	
939	2548.454590	2614.000000	2630.393799	2571.000000	2589.242432	2576.606201	2568.848389	2600.697021	2904.302979	
940	2551.417480	2614.000000	2626.721680	2571.556641	2585.695801	2579.304199	2568.139160	2598.443359	2905.860840	
941	2553.746338	2613.873291	2624.619629	2575.000000	2590.000000	2574.492920	2568.873291	2594.746338	2905.634033	
942	2552.228760	2613.000000	2622.000000	2576.143799	2590.000000	2570.885742	2568.114258	2592.542480	2910.000000	
943	2554.407959	2612.897949	2622.000000	2585.204102	2590.000000	2570.407959	2569.000000	2589.102051	2910.000000	
944	2557.819824	2612.270264	2623.081299	2587.180176	2590.090088	2574.180176	2569.000000	2590.180176	2909.909912	
945	2556.078369	2614.843262	2634.078369	2588.608154	2590.686523	2575.921631	2568.843262	2591.843262	2908.843262	
946	2557.133545	2613.066650	2635.266846	2583.799805	2586.799805	2575.200195	2567.000000	2590.400391	2907.000000	
947	2559.055176	2614.110596	2639.276367	2580.557861	2584.055176	2578.276367	2567.055176	2596.055176	2907.000000	
948	2559.865967	2615.865967	2644.044678	2572.821045	2584.910645	2583.178955	2568.044678	2597.044678	2907.000000	
949	2556.930664	2613.000000	2644.965332	2568.861328	2583.034668	2586.826660	2568.930664	2597.826660	2907.000000	
950	2555.000000	2613.025146	2644.025146	2565.025146	2584.025146	2582.075195	2567.075195	2593.075195	2906.899658	
951	2555.031738	2613.968262	2644.888916	2565.984131	2584.952393	2584.968262	2569.984131	2595.984131	2903.047607	
952	2556.978516	2612.014404	2638.050293	2565.071777	2582.000000	2582.985596	2569.007080	2595.000000	2905.978516	
953	2554.004883	2613.996582	2644.988281	2574.983398	2582.000000	2581.003418	2569.998291	2595.000000	2903.004883	
954	2554.000000	2614.000000	2643.020264	2575.000000	2580.020264	2580.010254	2570.989746	2594.010254	2903.989746	
955	2554.000000	2612.038086	2643.980957	2575.000000	2580.000000	2575.095215	2569.038086	2592.038086	2906.942871	
956	2556.916748	2612.972168	2646.916748	2579.861328	2580.000000	2576.944580	2569.000000	2592.972168	2905.055420	
957	2555.072998	2614.927002	2646.036377	2580.963623	2586.744873	2576.036377	2569.000000	2592.036377	2904.036377	
958	2552.132812	2612.132812	2642.177246	2581.000000	2585.088623	2574.088623	2566.132812	2591.044189	2903.044189	
959	2549.154541	2614.845459	2644.845459	2581.948486	2588.793945	2574.000000	2566.948486	2595.742432	2899.206055	
960	2549.942871	2615.000000	2643.114014	2585.771729	2588.057129	2575.885986	2569.828857	2596.942871	2905.600586	
961	2548.124268	2615.000000	2639.248291	2585.062012	2589.875732	2576.000000	2570.000000	2597.937988	2901.310547	
962	2548.000000	2615.000000	2636.198486	2577.529541	2588.132324	2577.867676	2567.198486	2598.933838	2903.801514	
963	2550.789795	2613.140137	2637.859863	2576.070068	2588.929932	2581.719727	2567.929932	2596.210205	2904.929932	
964	2554.707764	2612.072998	2639.854004	2573.218994	2585.292236	2581.072998	2567.072998	2593.218994	2906.854004	
965	2560.545654	2612.924316	2640.000000	2575.772949	2582.227051	2581.924316	2568.848633	2592.075684	2908.848633	
966	2560.077637	2612.077637	2637.233154	2570.466553	2579.233154	2579.233154	2567.155518	2587.388672	2909.000000	
967	2559.079346	2610.158936	2641.602783	2576.443848	2579.000000	2574.397217	2567.920654	2589.761719	2908.079346	
968	2555.320312	2613.679688	2637.400391	2577.000000	2577.160156	2573.080078	2564.320312	2589.080078	2909.839844	
969	2551.322510	2611.241699	2634.241699	2581.596924	2580.677490	2571.161133	2569.516357	2593.596924	2910.000000	
970	2548.242432	2612.838379	2634.000000	2581.080811	2580.080811	2572.838379	2564.484619	2595.838379	2911.838379	
971	2542.487305	2615.756348	2635.837646	2583.756348	2586.431396	2580.350342	2570.431396	2600.593994	2911.081299	
972	2544.754883	2615.081787	2633.245117	2585.836670	2583.326660	2584.673340	2568.245117	2601.000000	2909.163330	
973	2546.834229	2615.917236	2637.585938	2583.248535	2581.165771	2591.420166	2568.917236	2601.000000	2909.000000	
974	2549.747314	2616.000000	2635.252686	2581.168457	2581.000000	2587.420898	2568.084229	2601.000000	2907.168457	
975	2558.230469	2616.000000	2634.085449	2582.829102	2579.170898	2592.487061	2572.572510	2599.170898	2908.829102	
976	2559.913818	2616.913818	2634.000000	2581.172119	2576.258301	2591.172119	2567.516602	2599.000000	2909.913818	
977	2560.000000	2614.260010	2634.913330	2581.000000	2580.566650	2591.913330	2567.913330	2599.000000	2904.520020	
978	2557.263672	2614.000000	2631.351562	2581.912109	2581.000000	2587.439209	2568.000000	2599.000000	2905.824219	
979	2555.179443	2614.000000	2632.820557	2578.358887	2582.820557	2587.000000	2569.820557	2601.730957	2907.820557	
980	2557.725830	2613.091309	2626.639893	2577.091309	2578.457031	2584.274170	2567.274170	2603.817139	2908.000000	
981	2558.907227	2613.907227	2627.814453	2577.000000	2580.721680	2586.721680	2568.814453	2601.278320	2908.907227	
982	2560.813232	2613.093506	2629.813232	2577.000000	2579.186768	2585.186768	2567.186768	2597.373535	2909.000000	
983	2561.000000	2613.906006	2630.906006	2576.093994	2579.000000	2586.812256	2570.624512	2598.812256	2907.187744	
984	2560.093750	2612.187500	2631.906250	2572.375244	2579.000000	2582.468994	2568.281250	2594.468994	2907.000000	
985	2556.375732	2613.812256	2635.624268	2572.000000	2588.061035	2580.187744	2568.000000	2594.906006	2907.000000	
986	2556.000000	2613.093750	2637.812500	2569.281250	2590.812500	2580.906250	2568.906250	2598.624756	2907.906250	
987	2554.187012	2613.000000	2641.625977	2570.812988	2597.345703	2581.906494	2570.812988	2599.000000	2906.187012	
988	2554.000000	2613.908447	2641.091553	2573.725342	2594.366455	2580.183105	2568.274658	2599.908447	2906.908447	
989	2553.088867	2614.911133	2640.088867	2574.911133	2591.266846	2580.911133	2569.822021	2600.911133	2907.911133	
990	2549.342285	2613.171143	2635.427979	2574.085693	2594.657715	2580.085693	2567.256836	2602.828857	2908.000000	
991	2547.164795	2613.000000	2635.917725	2571.247070	2593.164795	2576.329346	2566.082275	2603.917725	2905.247070	
992	2548.842773	2613.000000	2637.842773	2573.764404	2592.078613	2573.235596	2567.842773	2602.157227	2906.842773	
993	2549.000000	2613.000000	2637.074707	2576.775635	2589.224365	2573.925293	2567.074707	2602.925293	2907.000000	
994	2552.716309	2612.070801	2637.000000	2574.212646	2587.141846	2574.929199	2566.070801	2599.283691	2908.858154	
995	2553.932373	2612.932373	2635.135254	2573.067627	2583.270752	2577.797119	2564.135254	2596.202881	2908.067627	
996	2558.678223	2611.128662	2633.128662	2573.000000	2580.193115	2577.064453	2564.000000	2590.386230	2908.935547	
997	2563.692871	2613.815674	2631.122803	2578.631348	2583.754150	2577.000000	2567.754150	2592.815674	2906.184326	
998	2564.000000	2613.059082	2630.059082	2579.940918	2584.940918	2576.059082	2568.000000	2594.882080	2908.822998	
999	2561.172119	2613.942627	2630.942627	2580.000000	2582.172119	2576.942627	2570.827881	2597.827881	2909.942627	
1000	2557.224365	2613.056152	2634.775635	2580.000000	2582.943848	2577.943848	2569.112061	2597.056152	2907.168213	
1001	2557.000000	2614.890381	2642.561279	2580.945068	2584.890381	2575.164551	2567.109619	2594.164551	2908.890381	
1002	2554.160156	2613.106689	2644.893311	2577.213623	2586.893311	2574.053467	2567.000000	2594.946533	2907.106689	
1003	2553.052002	2611.104004	2645.947998	2579.843994	2586.052002	2579.687744	2566.052002	2593.104004	2907.947998	
1004	2553.000000	2614.798340	2641.252197	2580.949463	2586.949463	2578.100830	2566.000000	2593.949463	2908.000000	
1005	2551.097168	2613.097168	2636.243164	2579.097168	2589.854248	2578.000000	2566.000000	2592.097168	2904.194336	
1006	2551.953613	2612.046387	2633.139404	2579.953613	2588.093018	2574.186035	2567.906982	2592.000000	2904.000000	
1007	2551.044434	2611.044434	2628.221680	2583.822510	2587.044434	2574.955566	2567.044434	2592.000000	2904.000000	
1008	2552.915527	2611.000000	2628.000000	2580.168701	2586.042236	2573.084473	2565.084473	2587.210938	2904.957764	
1009	2553.959961	2611.959961	2628.959961	2582.879639	2586.959961	2574.919678	2568.839355	2592.759277	2905.000000	
1010	2552.075684	2612.962158	2631.886475	2582.037842	2588.924316	2569.227051	2565.151367	2593.962158	2904.037842	
1011	2554.894287	2613.964844	2633.929443	2582.964844	2593.823730	2574.788330	2568.858887	2599.788330	2904.964844	
1012	2552.098389	2611.098389	2637.868652	2581.065674	2594.000000	2574.032715	2569.000000	2601.934326	2907.901611	
1013	2547.151367	2612.939453	2636.060547	2582.939453	2594.000000	2580.788086	2568.030273	2600.060547	2908.969727	
1014	2547.972656	2618.835693	2636.972656	2583.972656	2596.917725	2581.972656	2571.890381	2600.000000	2910.945312	
1015	2555.804199	2615.097900	2641.877686	2583.024414	2597.975586	2585.902100	2570.049072	2600.000000	2912.950928	
1016	2557.956543	2616.956543	2642.978271	2588.869629	2598.000000	2587.956543	2575.869629	2605.869629	2917.891357	
1017	2568.793701	2624.850098	2645.943848	2592.925049	2604.868652	2590.943848	2578.943848	2608.943848	2925.850098	
1018	2578.841553	2626.968262	2647.968262	2597.920898	2607.952393	2592.968262	2581.952393	2615.889160	2932.889160	
1019	2581.960693	2630.947754	2648.000000	2598.986816	2610.960693	2595.960693	2583.973877	2621.921387	2933.986816	
1020	2585.958496	2631.989502	2647.010498	2601.968750	2611.989502	2590.062500	2584.000000	2624.968750	2941.916748	
1021	2579.052490	2628.030029	2647.000000	2599.022461	2607.037598	2590.000000	2588.962402	2630.955078	2941.007568	
1022	2577.009277	2630.986328	2645.009277	2593.027588	2597.045898	2588.009277	2582.032227	2626.022949	2939.009277	
1023	2571.011963	2626.010010	2641.008057	2580.025879	2590.013916	2584.008057	2579.005859	2621.010010	2939.000000	
1024	
1025	
