0	747.000000	3604.000000	3677.000000	3581.000000	3580.000000	3613.000000	3609.000000	3611.000000	2703.000000	
1	747.001404	3603.997070	3676.998535	3580.995117	3579.996582	3612.995850	3608.997070	3610.997070	2702.995117	
2	748.997437	3600.012695	3674.977051	3574.002441	3575.012695	3607.002441	3605.002441	3607.005127	2696.010254	
3	747.985168	3604.970215	3666.010010	3575.000000	3580.014893	3607.970215	3605.960449	3609.014893	2700.000000	
4	745.007996	3599.031982	3668.024170	3575.000000	3583.016113	3601.983887	3598.072266	3612.008057	2699.983887	
5	746.022217	3603.010986	3670.888916	3575.000000	3584.944580	3600.010986	3606.933350	3612.966797	2698.010986	
6	747.956360	3603.883545	3660.970947	3575.014648	3579.985352	3601.043701	3601.000000	3609.956299	2699.000000	
7	745.000000	3596.104004	3659.069336	3575.965332	3578.930664	3603.826660	3601.086670	3606.982666	2699.017334	
8	745.000000	3602.121582	3663.060791	3574.101318	3575.182129	3594.182129	3606.060791	3606.081055	2700.020264	
9	745.023010	3607.838867	3665.977051	3578.884766	3583.884766	3602.907959	3608.884766	3609.977051	2701.000000	
10	746.078979	3601.131592	3665.052734	3574.000000	3579.052734	3599.105225	3604.210693	3609.078857	2701.052734	
11	749.000000	3605.912109	3666.912109	3573.941406	3581.029297	3603.058594	3611.912109	3611.853271	2703.029297	
12	748.935059	3602.870117	3664.032471	3572.064941	3581.902588	3604.707764	3609.129883	3606.935059	2703.870117	
13	747.212891	3599.141846	3664.645264	3573.858154	3578.574219	3595.858154	3612.609619	3604.751709	2700.000000	
14	753.038696	3602.961426	3655.077393	3570.193359	3567.077393	3592.193359	3602.115967	3597.884033	2700.077393	
15	753.792542	3601.792480	3656.958496	3574.958496	3569.166016	3597.000000	3605.207520	3595.249023	2702.000000	
16	749.000000	3597.447754	3656.044678	3574.000000	3573.179199	3597.044678	3610.179199	3600.910400	2701.820801	
17	749.095764	3606.665039	3657.047852	3574.047852	3576.712891	3597.712891	3613.473389	3598.952148	2698.143555	
18	751.000000	3600.408447	3658.153076	3575.153076	3571.306396	3592.612549	3603.204102	3598.051025	2700.795898	
19	751.053284	3607.840088	3661.053223	3577.840088	3576.467285	3603.840088	3606.893555	3599.000000	2697.053223	
20	751.889221	3604.833984	3661.501709	3574.667725	3567.332275	3600.723145	3604.723145	3599.443115	2698.110840	
21	750.000000	3602.169678	3653.226074	3568.943359	3573.056641	3596.113037	3600.282715	3606.886963	2700.056641	
22	749.942566	3605.114746	3657.401855	3568.114746	3574.057373	3598.000000	3605.114746	3605.114746	2701.057373	
23	749.114990	3607.344971	3663.655029	3570.402588	3574.885010	3597.942383	3607.057617	3607.114990	2701.942383	
24	750.654663	3612.827393	3658.287842	3576.884766	3573.115234	3597.230225	3608.115234	3609.000000	2701.230225	
25	745.456299	3609.657715	3662.885986	3574.600830	3574.828857	3600.429688	3609.201416	3608.942871	2704.885986	
26	752.830811	3604.056396	3661.000000	3568.507568	3571.830811	3591.169189	3596.563965	3607.605225	2703.056396	
27	749.779175	3605.386475	3661.000000	3576.944824	3569.220703	3593.613525	3605.723877	3601.276123	2703.944824	
28	745.945923	3612.216309	3660.891846	3575.783691	3573.053955	3587.486328	3601.378418	3606.108154	2700.405762	
29	745.471375	3615.633301	3659.418945	3572.261963	3573.790527	3595.476318	3607.842773	3607.685791	2657.409180	
30	753.748108	3608.949707	3666.848877	3577.050293	3570.251953	3586.352783	3605.302246	3602.201416	2701.100830	
31	749.143616	3608.095703	3664.047852	3577.712891	3574.521240	3592.808594	3611.047852	3605.760742	2703.000000	
32	751.774780	3609.819824	3664.955078	3572.450439	3565.360352	3589.180176	3612.090088	3601.044922	2702.819824	
33	747.166138	3605.750732	3664.083008	3581.709229	3572.709229	3592.875488	3613.418457	3601.833740	2699.041504	
34	750.925049	3600.000000	3666.074951	3575.487305	3566.599609	3590.262451	3600.599609	3598.074951	2699.962402	
35	749.193542	3600.000000	3668.032227	3588.000000	3581.838623	3596.967773	3616.032227	3599.967773	2699.129150	
36	754.782471	3600.108887	3669.027100	3588.027100	3577.027100	3596.135986	3616.918457	3598.972900	2702.945557	
37	747.088501	3603.933594	3669.933594	3588.977783	3578.066406	3600.778809	3613.955811	3597.889404	2700.933594	
38	750.982910	3600.914551	3666.965820	3587.914551	3581.034180	3591.017090	3611.914551	3593.000000	2698.034180	
39	750.022583	3596.124023	3665.045166	3583.045166	3583.022461	3592.056396	3607.067627	3593.045166	2700.033936	
40	751.979980	3606.965088	3669.010010	3586.989990	3585.030029	3596.995117	3612.975098	3597.040039	2703.004883	
41	748.008423	3600.014648	3670.995850	3585.004150	3590.987305	3596.002197	3608.010498	3604.983154	2703.997803	
42	751.960754	3605.941162	3662.088379	3581.039307	3582.088379	3595.009766	3614.931396	3601.039307	2702.019531	
43	749.056580	3602.075439	3670.830322	3583.943359	3588.867920	3600.886963	3617.943359	3601.981201	2701.018799	
44	745.110779	3603.944580	3671.972412	3583.027588	3592.889160	3600.027588	3612.166260	3607.833740	2705.861572	
45	747.889526	3613.631836	3669.110352	3586.852783	3592.036865	3606.742188	3614.889648	3607.036865	2704.073730	
46	749.907837	3605.414795	3668.046143	3578.414795	3578.645264	3598.414795	3605.460938	3605.092285	2705.907715	
47	750.000000	3604.056396	3668.000000	3580.830566	3585.547852	3601.773926	3610.660889	3604.056396	2705.056396	
48	748.133850	3603.066895	3673.598389	3578.200684	3583.200684	3600.133789	3612.866211	3599.334717	2704.066895	
49	747.078003	3610.375732	3674.000000	3581.687988	3586.687988	3600.921875	3609.312012	3606.375732	2702.156006	
50	748.820251	3605.539062	3665.808838	3574.718994	3585.179688	3598.269531	3610.820312	3606.089844	2702.910156	
51	751.692688	3605.897461	3667.692627	3579.385498	3582.307373	3598.897461	3612.795166	3615.873291	2697.614502	
52	747.572998	3601.572998	3669.770752	3574.687744	3578.458496	3598.114502	3609.458496	3609.916748	2703.197754	
53	745.253174	3607.113770	3678.734131	3583.607422	3583.240479	3602.366943	3617.734131	3610.746826	2702.253174	
54	748.445984	3613.168945	3675.692383	3579.831055	3584.000000	3596.969482	3619.000000	3610.138428	2702.861572	
55	748.151245	3608.058594	3677.546387	3586.638916	3593.336426	3600.243896	3619.848877	3616.790283	2703.848877	
56	745.492249	3614.523193	3672.984619	3586.328125	3589.148682	3599.328125	3618.328125	3612.984619	2704.000000	
57	745.000000	3616.822754	3676.937256	3586.822754	3581.416992	3600.645752	3619.645752	3614.468506	2704.822754	
58	747.428406	3609.714844	3678.809570	3580.524170	3586.475830	3598.571533	3615.143066	3609.333740	2705.809570	
59	750.385498	3608.795166	3677.409668	3582.975830	3590.385498	3595.614502	3613.204834	3610.385498	2702.819336	
60	749.438416	3606.657715	3673.876709	3580.876709	3588.657715	3595.000000	3608.315186	3603.972900	2704.342285	
61	751.299316	3606.000000	3672.233643	3580.000000	3588.766357	3593.467041	3606.233643	3602.766357	2705.000000	
62	753.503540	3601.489502	3668.241211	3576.241211	3585.241211	3589.992920	3603.744629	3597.737549	2702.744629	
63	754.000000	3601.471680	3671.414795	3572.056885	3582.528320	3597.093994	3600.056885	3593.792480	2704.207520	
64	751.842773	3604.157227	3673.718994	3571.000000	3584.876221	3594.966309	3599.718994	3598.033691	2703.561768	
65	746.787964	3612.020020	3681.722168	3575.914062	3588.808105	3598.615967	3604.212158	3604.212158	2703.701904	
66	747.739624	3608.835938	3680.890625	3577.315186	3587.260498	3598.260498	3606.000000	3599.150879	2702.630127	
67	748.332520	3610.672363	3676.330078	3579.002441	3588.669922	3603.007324	3611.339844	3598.002441	2702.000000	
68	746.699158	3610.398438	3675.000000	3575.447021	3584.796631	3601.447021	3612.699219	3601.601562	2702.000000	
69	747.901733	3610.267822	3677.535645	3573.633789	3587.705078	3600.901611	3611.366211	3601.732178	2702.000000	
70	749.000000	3611.617676	3675.912109	3575.852783	3588.529785	3600.764893	3609.764893	3600.382324	2703.852783	
71	748.399353	3615.003418	3674.600586	3578.802002	3593.607422	3603.604004	3613.805420	3605.406006	2704.399414	
72	746.832825	3611.747803	3673.249268	3578.249268	3592.747803	3601.915039	3611.747803	3604.915039	2704.583496	
73	748.834351	3609.133789	3673.700684	3582.668701	3589.566895	3601.267578	3610.834229	3603.133789	2705.566895	
74	749.348755	3607.248047	3674.449707	3583.697510	3590.000000	3602.449707	3609.147217	3602.348877	2703.798340	
75	749.067810	3605.533936	3672.932129	3583.135742	3584.660889	3602.000000	3605.466064	3601.000000	2703.601807	
76	747.930176	3608.587402	3672.000000	3580.860352	3584.139648	3602.000000	3605.000000	3600.482422	2703.447510	
77	748.508606	3611.501709	3668.989746	3573.488037	3585.491455	3603.003418	3607.508545	3602.006836	2703.003418	
78	751.973267	3608.106934	3662.106934	3571.946533	3579.593506	3602.053467	3610.973145	3603.026855	2701.566895	
79	752.057251	3607.770996	3658.942627	3572.114502	3580.713623	3602.356934	3612.000000	3602.942627	2699.471436	
80	749.632385	3611.544189	3660.911621	3566.353027	3579.161865	3603.176514	3611.544189	3600.353027	2701.367676	
81	750.643494	3611.881104	3665.965332	3565.965332	3574.965332	3603.643555	3612.321777	3598.643555	2702.118896	
82	753.574463	3610.446777	3669.723389	3568.446777	3578.723389	3602.318848	3613.574463	3602.851074	2700.574463	
83	751.767761	3606.589355	3668.821533	3566.232178	3580.285889	3604.214844	3615.464355	3605.643066	2699.178467	
84	750.000000	3606.791992	3671.187988	3568.791992	3580.247803	3611.247803	3616.228027	3607.208008	2698.395996	
85	749.619019	3608.000000	3672.238037	3571.143066	3574.905029	3605.905029	3613.523926	3608.666992	2699.000000	
86	747.172180	3608.731201	3673.924561	3571.903320	3580.924561	3609.000000	3616.365479	3610.075439	2700.096680	
87	745.048462	3608.252441	3677.951416	3570.698975	3583.204102	3610.048584	3616.301025	3605.349609	2702.000000	
88	748.998169	3605.333008	3673.335693	3570.334961	3576.667969	3608.669678	3613.334961	3605.666992	2701.666992	
89	751.414978	3606.950928	3668.634033	3568.584961	3576.536133	3604.536133	3609.683105	3605.000000	2701.634033	
90	749.807434	3605.083984	3670.602539	3570.794922	3579.590088	3609.698730	3609.903809	3602.590088	2703.000000	
91	754.285522	3596.856445	3671.714600	3568.571045	3575.998535	3609.000000	3612.285400	3598.998535	2702.428955	
92	753.383179	3599.000000	3670.460938	3569.191650	3579.383057	3607.383057	3610.844238	3602.113770	2701.000000	
93	750.013855	3599.760498	3670.774170	3570.294922	3576.013916	3602.493164	3607.281250	3599.788086	2701.760498	
94	752.287354	3602.237549	3673.862061	3577.862061	3578.049805	3601.000000	3612.574707	3607.049805	2703.762451	
95	749.110657	3604.111572	3667.222412	3572.556396	3577.000977	3603.445557	3608.444580	3604.222412	2703.222412	
96	746.000000	3608.829346	3668.622070	3578.207275	3584.000000	3610.963379	3609.377930	3605.207275	2704.000000	
97	746.000000	3611.420654	3671.386230	3579.772461	3584.193115	3608.544922	3607.386230	3605.227539	2703.613770	
98	746.358704	3608.103271	3672.103271	3581.924072	3584.282715	3612.130615	3608.641357	3601.820557	2702.538086	
99	748.165466	3604.165527	3667.834473	3576.172607	3580.834473	3598.503662	3606.834473	3600.503662	2704.834473	
100	748.848572	3604.848633	3667.302979	3572.454346	3579.848633	3596.454346	3605.697021	3597.848633	2704.151367	
101	748.550537	3604.137695	3669.550537	3575.137695	3580.101074	3598.587158	3604.137695	3598.513916	2705.000000	
102	751.875671	3604.502686	3672.378174	3576.000000	3586.129639	3596.248779	3604.626953	3607.502686	2704.751221	
103	751.332092	3600.778564	3667.667969	3576.000000	3580.000000	3598.442871	3602.442871	3604.000000	2702.889404	
104	753.225708	3598.806396	3665.290283	3576.096680	3580.387207	3602.096680	3605.806396	3603.806396	2701.903320	
105	746.250183	3597.250244	3668.083496	3576.916504	3583.833252	3602.666504	3604.333496	3602.166748	2701.000000	
106	749.353943	3600.141602	3669.141602	3576.141602	3581.858398	3599.354004	3607.929199	3603.716797	2701.070801	
107	753.296265	3602.293213	3671.293213	3578.234619	3580.821045	3604.000000	3607.058594	3600.586426	2701.882812	
108	742.276978	3607.184570	3675.769287	3581.907715	3593.676758	3603.769287	3608.092285	3609.676758	2700.184570	
109	748.000000	3610.762695	3671.203369	3580.000000	3587.373047	3599.135498	3610.203369	3603.203369	2704.033936	
110	748.043396	3604.065186	3676.848145	3579.978271	3597.804688	3603.043457	3615.869629	3608.782959	2705.000000	
111	749.980530	3607.009766	3670.029297	3579.000000	3589.009766	3604.941650	3610.019531	3599.029297	2704.980469	
112	748.004639	3607.997803	3672.993164	3579.000000	3589.997803	3599.013916	3611.995361	3601.993164	2703.004639	
113	749.971741	3610.957520	3662.155273	3579.985840	3585.070557	3603.929443	3607.070557	3602.000000	2701.028320	
114	749.026184	3609.052246	3666.869141	3576.104736	3585.973877	3602.052246	3605.052246	3597.130859	2701.973877	
115	756.693115	3605.153320	3660.268555	3573.114990	3582.153320	3598.153320	3600.191895	3587.383545	2702.000000	
116	750.358337	3602.153564	3660.948730	3580.590332	3589.590332	3605.590332	3606.641602	3599.334473	2701.051270	
117	749.063232	3602.936768	3661.000000	3580.063232	3581.568848	3602.252930	3601.379395	3596.252930	2704.747070	
118	749.000000	3614.102051	3667.476074	3578.149658	3581.000000	3606.625732	3601.000000	3596.925049	2702.224609	
119	749.000000	3611.345215	3663.431396	3578.000000	3579.172607	3604.258789	3598.258789	3593.345215	2704.741211	
120	749.901855	3611.901855	3673.822266	3579.803711	3579.000000	3606.705566	3608.822266	3598.411133	2701.392578	
121	750.000000	3612.890625	3672.328125	3585.343750	3577.218750	3602.546875	3604.656250	3595.437500	2703.671875	
122	748.240540	3612.120361	3678.158203	3583.360840	3581.398682	3608.158203	3607.519043	3602.037842	2704.000000	
123	751.476318	3605.916504	3671.178223	3581.261719	3577.654541	3602.047363	3609.738281	3602.130859	2703.130859	
124	746.851562	3611.864502	3672.574219	3579.283936	3582.148438	3605.290283	3609.141846	3598.567627	2703.858154	
125	749.389771	3606.220459	3672.152588	3574.762695	3581.305176	3602.610352	3609.847412	3598.847412	2704.000000	
126	750.836670	3609.183594	3676.183594	3579.020264	3583.510010	3601.163330	3614.183594	3603.183594	2702.326660	
127	751.000000	3607.522461	3672.870850	3573.393066	3579.870850	3601.825928	3614.174072	3597.393066	2702.825928	
128	751.814270	3608.628418	3673.628418	3570.371582	3579.000000	3603.628418	3618.885498	3602.514160	2703.000000	
129	751.197144	3605.788574	3673.197266	3574.014160	3583.816895	3600.788574	3612.774658	3603.197266	2703.000000	
130	750.209167	3608.954346	3673.000000	3577.372559	3586.581787	3603.954346	3615.745117	3607.745117	2703.790771	
131	746.885559	3610.000000	3673.778564	3573.328369	3579.992432	3603.442871	3612.328369	3601.992432	2698.549561	
132	746.000000	3611.531250	3677.062500	3573.531250	3584.125244	3609.125244	3616.359619	3606.125244	2700.062500	
133	748.259338	3614.259277	3674.234375	3577.012451	3586.753174	3603.468750	3616.493652	3608.000000	2703.259277	
134	745.296387	3614.259277	3667.074219	3583.185059	3595.147949	3606.185059	3616.000000	3611.703613	2704.740723	
135	745.457275	3614.000000	3668.643066	3579.899658	3589.256348	3602.899658	3611.628174	3609.356934	2702.814209	
136	752.447021	3608.985596	3665.701904	3576.567383	3587.432617	3605.298096	3611.432617	3612.298096	2702.716309	
137	755.704041	3612.632080	3661.183838	3576.000000	3580.959717	3601.367920	3610.592041	3612.592041	2700.183838	
138	752.540955	3615.000000	3663.458984	3582.918213	3588.377197	3605.918213	3610.000000	3613.383545	2702.458984	
139	751.000000	3610.919434	3662.959717	3587.360107	3588.919434	3604.919434	3608.639893	3613.319824	2702.639893	
140	748.995117	3613.009766	3663.336670	3588.000000	3591.677979	3607.677979	3607.331787	3614.336670	2701.331787	
141	748.000000	3609.089600	3664.000000	3585.373291	3592.686523	3610.656738	3607.656738	3616.970215	2702.313477	
142	748.645142	3604.709717	3667.870850	3585.290283	3593.290283	3608.419434	3609.935547	3615.419434	2703.000000	
143	750.267090	3602.732910	3666.832275	3582.832275	3593.366455	3605.099365	3607.832275	3610.832275	2700.465820	
144	751.621765	3603.243652	3667.487061	3580.378174	3586.782227	3604.000000	3607.243652	3612.108887	2700.865234	
145	747.725098	3608.274902	3664.725098	3576.946533	3583.000000	3602.778564	3611.053467	3611.557129	2701.389404	
146	748.603943	3611.000000	3665.003174	3576.201416	3584.802002	3601.399414	3610.597412	3611.201416	2701.000000	
147	748.635620	3605.680176	3665.226807	3574.044434	3583.635498	3598.635498	3608.408936	3609.044434	2701.591064	
148	750.486328	3603.162109	3662.837891	3573.162109	3584.905273	3594.675781	3610.905273	3605.256836	2700.256836	
149	751.857971	3605.142090	3662.571045	3574.000000	3582.431885	3591.286865	3613.000000	3606.283936	2698.428955	
150	748.194092	3604.316406	3664.122314	3576.805908	3584.050781	3591.122314	3610.194092	3609.683594	2700.244629	
151	747.654053	3604.102783	3660.589111	3577.345947	3580.281006	3593.654053	3608.000000	3611.000000	2704.205322	
152	745.214355	3608.244873	3659.704102	3578.704102	3578.326416	3597.704102	3608.000000	3608.836670	2704.918457	
153	743.589355	3609.410645	3659.880859	3577.291504	3580.940430	3597.880859	3607.470215	3607.000000	2704.529785	
154	743.443665	3608.000000	3662.668945	3575.556396	3583.631348	3600.668945	3610.631348	3609.593994	2702.924805	
155	743.523438	3603.429688	3661.414062	3573.445312	3582.937500	3601.445312	3608.921875	3612.000000	2703.031250	
156	746.489197	3602.474854	3656.496338	3571.985596	3583.467529	3600.481934	3602.014404	3612.000000	2704.503662	
157	749.453064	3606.000000	3655.546875	3573.031250	3585.093994	3600.578125	3598.546875	3611.515625	2703.515625	
158	749.585083	3605.528320	3656.829834	3575.301514	3584.358154	3598.943359	3599.829834	3612.886475	2702.056641	
159	746.625244	3605.000000	3657.708740	3575.792236	3585.166992	3599.541748	3603.916504	3613.625244	2701.458252	
160	747.220642	3607.220703	3657.664795	3575.108887	3583.888184	3602.108887	3607.664795	3614.664795	2702.444092	
161	749.570801	3608.712402	3659.712402	3577.283203	3583.283203	3603.424805	3607.136963	3614.566406	2702.570801	
162	748.586060	3607.827881	3658.413818	3575.827881	3585.553223	3604.553223	3607.381104	3613.311523	2703.241699	
163	748.797058	3607.406006	3659.000000	3577.797119	3588.413330	3609.804443	3611.811768	3615.608887	2705.000000	
164	749.616028	3604.615967	3656.696289	3577.464111	3583.000000	3606.080078	3606.615967	3611.232178	2704.232178	
165	749.739258	3605.478516	3652.630371	3575.369629	3587.066162	3604.478516	3604.521484	3609.630371	2702.630371	
166	750.644653	3605.512451	3652.000000	3576.355469	3591.867920	3607.355469	3602.710693	3608.289307	2702.355469	
167	750.000000	3601.681396	3651.659424	3575.637207	3583.911621	3606.637207	3603.659424	3604.955811	2702.659424	
168	750.000000	3601.696533	3651.000000	3573.977539	3579.584717	3605.303467	3602.674072	3602.955322	2702.000000	
169	749.378235	3598.378174	3651.310791	3574.445557	3585.445557	3606.445557	3602.932617	3606.067383	2702.310791	
170	747.703552	3597.889404	3655.853760	3572.778809	3583.482178	3606.260986	3606.185791	3606.964600	2703.296387	
171	746.154602	3601.690674	3665.563477	3577.281738	3585.872803	3611.463867	3609.000000	3614.000000	2703.718262	
172	744.534607	3606.802002	3667.000000	3578.802002	3583.802002	3605.534668	3608.197998	3614.000000	2702.732666	
173	746.504944	3608.495117	3665.990234	3580.747559	3584.990234	3608.262207	3605.242676	3613.747559	2702.504883	
174	747.524841	3605.099365	3664.187988	3578.336914	3582.000000	3611.762451	3603.000000	3612.049561	2703.287354	
175	747.112183	3599.889648	3665.998047	3573.000000	3580.442871	3609.220459	3603.889648	3609.444824	2701.000000	
176	751.207092	3603.828369	3659.000000	3573.207031	3576.242676	3603.414307	3607.000000	3611.621338	2700.792969	
177	751.232056	3606.232178	3658.808105	3574.000000	3580.040039	3604.040039	3605.464111	3612.656250	2700.000000	
178	748.531067	3603.885254	3658.177002	3574.354004	3577.062256	3600.531006	3601.301514	3608.062256	2700.177002	
179	750.675781	3606.541016	3659.000000	3576.000000	3581.675781	3603.162109	3611.189453	3612.513672	2701.324219	
180	748.852295	3599.590820	3658.852295	3576.443115	3580.590820	3604.295410	3606.704590	3610.738525	2702.704590	
181	747.734009	3602.468018	3658.133057	3578.334961	3583.601074	3605.068848	3605.133057	3613.802979	2701.000000	
182	746.946777	3599.473389	3659.354980	3574.473389	3581.118408	3600.065186	3607.065186	3606.354980	2701.118408	
183	752.756653	3603.207275	3662.207275	3578.207275	3582.000000	3607.896484	3615.000000	3609.310791	2701.896484	
184	742.089355	3605.714844	3664.089355	3579.821289	3582.625488	3606.642578	3615.000000	3612.178711	2701.268066	
185	743.150757	3612.321533	3665.075439	3578.075439	3588.623047	3602.472412	3614.773926	3613.170898	2704.000000	
186	745.187195	3604.000000	3666.062500	3579.374268	3584.374268	3596.686279	3612.062500	3603.000000	2704.000000	
187	748.049866	3604.199463	3667.049805	3584.451660	3589.651123	3606.551270	3613.000000	3603.000000	2703.900391	
188	749.000000	3607.697998	3667.811279	3573.849121	3583.188721	3598.226318	3612.849121	3603.113281	2702.075439	
189	748.974548	3600.076416	3663.025391	3569.923584	3587.796143	3603.974609	3609.025391	3605.974609	2704.025391	
190	747.986145	3603.027832	3664.083252	3567.138672	3580.069336	3603.069336	3610.124756	3604.944580	2704.930664	
191	747.009155	3604.990967	3670.000000	3576.993164	3584.990967	3607.990967	3618.990967	3601.000000	2700.004639	
192	750.964233	3601.035645	3670.000000	3574.026855	3581.035645	3604.035645	3615.035645	3601.000000	2701.982178	
193	750.020447	3604.918213	3669.020508	3574.000000	3582.958984	3604.979492	3620.877197	3603.938721	2700.041016	
194	750.000000	3600.154053	3663.185059	3573.030762	3583.969238	3603.061768	3621.000000	3600.123291	2701.938232	
195	746.163452	3608.632324	3670.673096	3583.550537	3580.163330	3607.795654	3621.000000	3601.918213	2702.000000	
196	745.051147	3605.204590	3668.153564	3577.358154	3578.102295	3601.358154	3620.051270	3599.153564	2702.948730	
197	745.000000	3599.370605	3668.938232	3583.567627	3578.938232	3603.814697	3621.876465	3599.938232	2703.000000	
198	745.927917	3598.072021	3671.783936	3580.288330	3585.495605	3606.783936	3618.288330	3602.783936	2702.072021	
199	744.165649	3598.917236	3672.000000	3576.331299	3576.828125	3611.585938	3622.585938	3604.834473	2703.834473	
200	747.624023	3598.093994	3670.187988	3576.000000	3583.248047	3605.657959	3620.281982	3598.657959	2701.281982	
201	748.000000	3603.363770	3670.000000	3582.257812	3585.787842	3608.575928	3622.681885	3605.151855	2702.787842	
202	746.236572	3598.709717	3675.290283	3580.354736	3584.236572	3611.645264	3615.064453	3598.946289	2703.000000	
203	747.738953	3604.086182	3675.130615	3581.739014	3589.216797	3612.000000	3611.391602	3604.955811	2702.130615	
204	748.000000	3605.000000	3673.285889	3578.571777	3580.572510	3608.571777	3611.000000	3602.571777	2702.000000	
205	745.468201	3601.624268	3676.375732	3579.687988	3583.219727	3610.531738	3606.780273	3600.312012	2701.156006	
206	747.491943	3602.661377	3672.016113	3580.830566	3578.185547	3607.677490	3605.169434	3592.524170	2702.661377	
207	752.085449	3602.182861	3674.268311	3576.914551	3581.902588	3609.451172	3604.182861	3599.988037	2702.182861	
208	753.000000	3599.589600	3672.589600	3575.196533	3578.982910	3605.179443	3604.000000	3595.572510	2700.393066	
209	748.265503	3597.421875	3672.789062	3579.734375	3581.156250	3607.945312	3607.156250	3601.101807	2699.210938	
210	747.000000	3599.323730	3676.873047	3578.676270	3578.126953	3613.647461	3606.450928	3599.126953	2703.647461	
211	747.000000	3601.519043	3678.000000	3581.797607	3583.076172	3615.759521	3609.038086	3596.480957	2701.961914	
212	746.255371	3598.276855	3671.298340	3577.787598	3582.766113	3608.553711	3604.042969	3592.276855	2701.744629	
213	748.189514	3596.270264	3679.217773	3582.568604	3580.540283	3608.189453	3607.108887	3600.487793	2702.729736	
214	749.715698	3595.284424	3672.980469	3580.706055	3574.990234	3603.274658	3605.421631	3598.990234	2701.568604	
215	746.491943	3599.911377	3679.524170	3583.911377	3580.016113	3612.225830	3608.911377	3599.806396	2701.000000	
216	742.937073	3605.438232	3677.811035	3586.000000	3579.561768	3610.811035	3606.874023	3605.125977	2703.062988	
217	746.040100	3605.653320	3683.080078	3588.693359	3576.653320	3607.326660	3611.060059	3608.346680	2702.653320	
218	748.659058	3606.977051	3681.068604	3589.341064	3575.341064	3608.318115	3609.386719	3605.704834	2702.658936	
219	749.644714	3607.355225	3679.289551	3588.355225	3576.934326	3607.065674	3608.934326	3604.644775	2701.710449	
220	748.107971	3610.784180	3676.215820	3586.107910	3572.954590	3600.323975	3606.846680	3603.107910	2702.892090	
221	746.383545	3609.917725	3675.232910	3586.849365	3571.232910	3600.082275	3607.465820	3604.465820	2700.917725	
222	748.408325	3609.806152	3675.397949	3586.795898	3573.204102	3600.795898	3609.602051	3604.795898	2702.612549	
223	749.412476	3608.062500	3677.937500	3589.525146	3576.350098	3599.412598	3607.649902	3606.350098	2703.824951	
224	746.708008	3604.281006	3672.551025	3587.989014	3575.135010	3598.427002	3605.427002	3604.562012	2703.572998	
225	746.116699	3605.233398	3667.558350	3584.441650	3575.233398	3595.208252	3605.000000	3603.675049	2702.883301	
226	747.543701	3608.631104	3670.718506	3586.174805	3576.456299	3593.543701	3603.912598	3604.456299	2702.000000	
227	746.413208	3611.586914	3671.413086	3585.355225	3579.173584	3596.115723	3600.884277	3602.413086	2702.529053	
228	746.028198	3612.485840	3668.971680	3583.000000	3578.401123	3600.056396	3601.056396	3601.000000	2703.000000	
229	745.003357	3612.000000	3667.500732	3581.003418	3577.495850	3604.994873	3605.495850	3602.497559	2702.001709	
230	746.873413	3610.547363	3667.000000	3575.126709	3577.094971	3604.610840	3603.158203	3603.515869	2701.000000	
231	749.123718	3609.938232	3669.345459	3574.752686	3578.690674	3601.000000	3601.752686	3602.061768	2701.468994	
232	749.267883	3607.824951	3669.732178	3579.453613	3578.103516	3601.000000	3604.185791	3599.639160	2701.546387	
233	750.686401	3604.437744	3668.751465	3583.064941	3576.254395	3601.437744	3606.378662	3599.751465	2701.437744	
234	748.156494	3607.530518	3672.687012	3584.047607	3583.843506	3601.578125	3610.734619	3599.047607	2702.843506	
235	747.405334	3609.378662	3674.189453	3582.026611	3585.810547	3603.837158	3610.621338	3597.837158	2704.810547	
236	747.611633	3605.834961	3670.669922	3581.504883	3584.669922	3606.446533	3611.446533	3602.388428	2705.611572	
237	747.370972	3606.225830	3667.370850	3577.854736	3581.370850	3603.629150	3610.854736	3602.258057	2705.000000	
238	746.941406	3608.941406	3665.530029	3581.000000	3582.000000	3601.235596	3609.059814	3601.352783	2704.294189	
239	745.334351	3607.668701	3662.671631	3583.674805	3582.334229	3600.006104	3603.677734	3603.002930	2703.668701	
240	746.000000	3608.053955	3666.315430	3587.107666	3583.000000	3602.738525	3611.630859	3605.315430	2705.000000	
241	745.110107	3607.483154	3667.593262	3583.296631	3582.406738	3602.076416	3612.110107	3605.703369	2704.406738	
242	744.110474	3610.444824	3669.000000	3584.277588	3582.387939	3607.277588	3610.277588	3604.167236	2703.555176	
243	747.000000	3611.070312	3669.517578	3586.035156	3585.482422	3606.447266	3611.258789	3603.811523	2703.706055	
244	746.761047	3615.327393	3669.566162	3587.327393	3582.566162	3600.088379	3610.088379	3606.371338	2701.672607	
245	746.435913	3609.564209	3665.218018	3581.128174	3579.307617	3596.615479	3605.743652	3599.961670	2706.128174	
246	748.000000	3608.195312	3665.804688	3578.781006	3583.218994	3604.242676	3610.437988	3605.828369	2703.195312	
247	748.000000	3609.172363	3664.655273	3582.689453	3580.689453	3598.723877	3604.000000	3602.379150	2703.655273	
248	748.000000	3610.000000	3662.252197	3585.551270	3582.953125	3605.504395	3604.897461	3608.102539	2702.598145	
249	748.254761	3609.235840	3658.891602	3583.509521	3577.636963	3598.146484	3610.764160	3602.490479	2705.108398	
250	749.789795	3603.894775	3664.789795	3586.474365	3581.789795	3606.000000	3614.843750	3599.420410	2699.525635	
251	747.916321	3603.501953	3663.250977	3582.167236	3580.000000	3606.000000	3605.334717	3603.585693	2704.000000	
252	747.000000	3608.874512	3666.000000	3583.623291	3579.937256	3606.062744	3609.000000	3609.748779	2703.874512	
253	747.300293	3606.828369	3665.914307	3578.214600	3579.128662	3607.300293	3609.000000	3605.957031	2702.042969	
254	753.748230	3603.068604	3664.183105	3582.862793	3582.045654	3613.908447	3609.068604	3604.977051	2703.022949	
255	743.016174	3606.020264	3672.004150	3577.016113	3584.000000	3610.024170	3612.024170	3604.012207	2703.995850	
256	746.946411	3610.933105	3672.986572	3580.946289	3584.000000	3615.919678	3617.919678	3606.959717	2703.013428	
257	747.971130	3609.057861	3674.942139	3581.000000	3583.028809	3612.115479	3606.346680	3605.057861	2703.000000	
258	748.955994	3605.176025	3671.176025	3580.043945	3589.692139	3611.043945	3608.868164	3604.043945	2702.043945	
259	748.057922	3610.652344	3674.768311	3577.173828	3581.521484	3608.173828	3610.884033	3604.942139	2701.057861	
260	751.715393	3601.711426	3673.142334	3576.071045	3580.071045	3608.928955	3611.000000	3604.071045	2703.786621	
261	750.164490	3600.082275	3666.575684	3577.835449	3574.493408	3598.904541	3610.082275	3604.000000	2700.328857	
262	750.907654	3600.907715	3674.168945	3582.538330	3583.984375	3611.614990	3613.630615	3607.630615	2700.000000	
263	748.307495	3600.102539	3673.205078	3580.307373	3581.409912	3611.205078	3610.409912	3600.820068	2701.794922	
264	743.566467	3604.433594	3673.886719	3585.320312	3582.773438	3606.566406	3612.660156	3607.980469	2701.113281	
265	746.506897	3603.246582	3669.616455	3578.109619	3575.109619	3598.986328	3608.616455	3601.986328	2701.000000	
266	749.602112	3605.602051	3676.806396	3578.734619	3578.336914	3598.867432	3611.469482	3606.204102	2700.132568	
267	753.434448	3607.717285	3666.838135	3579.000000	3572.989746	3593.848389	3607.707031	3599.272461	2700.858643	
268	749.750977	3606.300293	3669.249023	3581.549316	3582.197510	3593.849854	3606.150146	3603.948486	2701.000000	
269	748.158325	3603.475098	3668.316650	3583.683350	3576.425049	3594.000000	3604.316650	3605.000000	2701.000000	
270	751.337402	3603.000000	3672.171631	3586.502930	3587.515137	3596.502930	3610.674805	3612.509033	2701.000000	
271	744.553223	3613.756348	3674.654785	3587.827393	3589.172607	3601.964600	3614.482178	3614.827393	2704.309570	
272	743.000000	3611.899170	3670.079102	3596.201660	3593.100830	3604.640381	3624.842041	3619.920898	2702.539551	
273	743.000000	3606.118164	3673.881836	3592.304443	3598.881836	3604.186279	3622.931885	3619.372803	2703.627197	
274	742.192810	3610.650391	3682.264893	3591.807129	3598.385498	3604.807129	3618.771240	3618.192871	2705.614502	
275	745.203247	3607.995850	3676.792725	3587.995850	3590.792725	3604.199219	3613.995850	3613.995850	2706.000000	
276	748.381958	3606.206055	3672.617920	3581.442139	3590.587891	3600.823975	3613.793945	3609.030029	2704.412109	
277	749.000000	3606.000000	3671.212891	3582.361084	3585.490723	3598.426025	3614.787109	3601.703613	2700.851807	
278	749.000000	3605.220703	3671.779297	3584.558594	3588.675537	3601.117188	3614.220703	3600.000000	2703.896240	
279	746.686401	3603.457520	3672.000000	3577.287842	3583.059082	3602.000000	3612.457520	3598.457520	2704.228760	
280	747.525269	3605.287842	3675.813232	3582.626221	3589.388916	3606.575684	3616.575684	3601.050537	2703.237305	
281	744.230530	3610.523438	3673.984375	3578.215088	3586.722656	3598.953369	3617.246094	3598.230469	2705.261719	
282	742.255432	3614.978271	3674.489258	3584.934814	3590.956543	3605.679443	3616.255371	3605.190430	2704.510742	
283	744.204712	3610.120850	3678.674561	3582.120850	3593.734863	3606.060303	3616.000000	3606.530273	2704.000000	
284	745.000000	3605.101562	3680.724609	3580.000000	3586.753906	3604.275391	3613.101562	3608.898438	2702.550781	
285	746.428284	3608.284668	3678.143555	3580.000000	3583.285889	3603.285889	3615.570557	3609.285889	2704.856445	
286	745.593750	3608.593750	3678.406250	3582.109375	3585.109375	3600.187500	3617.000000	3608.296875	2705.296875	
287	749.150208	3603.849854	3675.541504	3576.083008	3584.616699	3597.616699	3613.541504	3610.075195	2701.541504	
288	753.039001	3599.960938	3676.039062	3575.039062	3579.921875	3596.320312	3609.281250	3608.960938	2701.359375	
289	751.998474	3604.337402	3678.334229	3573.331299	3573.329834	3591.329834	3612.670166	3610.001465	2700.665771	
290	749.692200	3609.615723	3674.422607	3575.923340	3577.539062	3593.577393	3620.885254	3611.000000	2700.653809	
291	752.203308	3605.874756	3668.796631	3576.078125	3578.437256	3596.000000	3615.671387	3606.515381	2700.359375	
292	751.490662	3601.745361	3672.018555	3580.018555	3577.627441	3601.645996	3617.900635	3605.882080	2699.372559	
293	746.932251	3604.067627	3675.000000	3578.705078	3581.681396	3605.000000	3621.386475	3606.386475	2695.932373	
294	745.599182	3610.194336	3673.801514	3578.396729	3585.198486	3607.996094	3623.996094	3608.396729	2699.991943	
295	746.584778	3608.322021	3670.660889	3581.169434	3580.152344	3607.660889	3621.322021	3603.567627	2702.245850	
296	745.289917	3607.280029	3676.410400	3582.000000	3577.710205	3605.429932	3621.420166	3604.130371	2701.570068	
297	744.000000	3608.445068	3678.670166	3583.665039	3579.000000	3606.109863	3625.109863	3606.334961	2704.219971	
298	744.539734	3606.380859	3678.158936	3580.682129	3581.158936	3609.698730	3623.841064	3605.000000	2704.920410	
299	745.000000	3606.049561	3677.375977	3576.475098	3583.524902	3607.801758	3619.900879	3602.900879	2703.475098	
300	747.040588	3608.020264	3675.000000	3576.510254	3581.959473	3606.040527	3619.020264	3603.040527	2702.489746	
301	747.513062	3606.026123	3675.000000	3577.991211	3581.486816	3607.008789	3619.008789	3605.000000	2702.991211	
302	746.481079	3603.962158	3675.000000	3581.886475	3584.443359	3606.000000	3618.962158	3605.481201	2702.556641	
303	745.134338	3604.533691	3671.735107	3585.000000	3585.067139	3606.000000	3618.600830	3605.067139	2701.932861	
304	744.354980	3605.354980	3671.613281	3585.000000	3585.354980	3608.709961	3618.354980	3605.354980	2703.000000	
305	743.377258	3608.748535	3675.125732	3585.874268	3584.814453	3610.688721	3618.688721	3607.000000	2702.562988	
306	743.382996	3608.462646	3674.845703	3589.114258	3586.228760	3609.422852	3619.537354	3609.960205	2702.845703	
307	745.956909	3605.817139	3675.182861	3589.548340	3588.322510	3611.634521	3622.182861	3614.000000	2704.408691	
308	744.577881	3605.422119	3675.577881	3586.788818	3585.366699	3614.394531	3620.605469	3615.183350	2703.816650	
309	746.619934	3604.900391	3676.479736	3586.859863	3587.099609	3613.479736	3616.959473	3616.619873	2703.140137	
310	746.000000	3606.902588	3672.902588	3586.097412	3584.731689	3611.365723	3615.292236	3615.268311	2705.365723	
311	748.108582	3603.945801	3671.000000	3586.594238	3584.945801	3610.242920	3616.782715	3614.000000	2705.297119	
312	751.326294	3602.000000	3672.347412	3584.000000	3584.010498	3609.020996	3611.020996	3614.673584	2704.000000	
313	748.714722	3603.285400	3674.357422	3581.750732	3585.036133	3611.714600	3614.036133	3614.072021	2704.321289	
314	745.084717	3604.779541	3675.135742	3579.745850	3585.135742	3609.305176	3612.915283	3613.356201	2705.000000	
315	743.864929	3601.711670	3677.405273	3586.000000	3587.693604	3610.288330	3613.558594	3618.693604	2704.423340	
316	747.356628	3602.356689	3669.100830	3585.186035	3582.271240	3611.813965	3608.372070	3611.914795	2703.000000	
317	750.238220	3606.000000	3666.793213	3583.000000	3583.507812	3612.730469	3605.015625	3608.492188	2703.000000	
318	747.763123	3605.763184	3674.763184	3585.368896	3584.289307	3609.473877	3608.236816	3607.236816	2703.000000	
319	748.098389	3604.780273	3672.022949	3591.242676	3581.121338	3611.439453	3607.901611	3606.462158	2703.219727	
320	750.987305	3603.594971	3667.025391	3585.607666	3577.594971	3613.202637	3604.810059	3602.417725	2703.594971	
321	746.629639	3601.629639	3674.074219	3587.629639	3575.814941	3613.629639	3607.444580	3607.814941	2702.555420	
322	746.177185	3600.336426	3670.168213	3587.009033	3575.840820	3611.327393	3606.345459	3608.345459	2704.663574	
323	750.943542	3601.849121	3671.301758	3591.698242	3579.245361	3607.547363	3612.547363	3613.792725	2702.849121	
324	745.535217	3600.866211	3672.866211	3590.401367	3576.070312	3606.204102	3610.401367	3607.267578	2702.000000	
325	748.650940	3599.767334	3672.698242	3593.000000	3582.650879	3613.301758	3612.883545	3609.000000	2702.232666	
326	745.700928	3598.797363	3678.199463	3592.900391	3580.099609	3608.697754	3612.099609	3609.897217	2704.299072	
327	743.165771	3605.834229	3679.917236	3591.834229	3580.751465	3614.585693	3612.668457	3617.336914	2706.751465	
328	745.000000	3604.133545	3679.600586	3590.133545	3578.533936	3610.066650	3608.866455	3610.533936	2704.066650	
329	744.899292	3606.000000	3687.546875	3592.000000	3585.546875	3610.899414	3607.251709	3617.697998	2704.949707	
330	743.105469	3605.753906	3678.894531	3591.683594	3577.035156	3609.070312	3612.070312	3612.000000	2703.929688	
331	746.020020	3599.000000	3675.959961	3582.919922	3578.020020	3610.979980	3613.919922	3611.899902	2702.000000	
332	747.005554	3599.016602	3674.027588	3579.000000	3579.027588	3609.994385	3609.966797	3607.027588	2702.010986	
333	747.990784	3601.972168	3678.953857	3579.000000	3583.953857	3609.009277	3604.055420	3611.953857	2703.981445	
334	748.000000	3606.885010	3674.114990	3577.045898	3586.931152	3602.160889	3604.977051	3607.114990	2703.022949	
335	749.926514	3603.146973	3672.073486	3580.853027	3587.963135	3609.706055	3604.036865	3611.816162	2703.000000	
336	747.149963	3603.949951	3675.800049	3580.050049	3583.250000	3602.399902	3599.250000	3610.100098	2704.899902	
337	750.745605	3599.317871	3673.190674	3583.745605	3583.936523	3601.063477	3602.745605	3610.000000	2703.127197	
338	749.152283	3598.076172	3674.847656	3575.685303	3584.000000	3605.619385	3600.228516	3604.456787	2702.076172	
339	747.177551	3598.000000	3673.177490	3578.645020	3584.000000	3608.733643	3605.467285	3607.645020	2701.088867	
340	752.390991	3600.695557	3673.000000	3575.406006	3578.608887	3605.406006	3598.812012	3601.710449	2701.000000	
341	747.686340	3601.000000	3670.343262	3579.427979	3587.741699	3611.199219	3606.856201	3608.970459	2702.771240	
342	747.873352	3600.126709	3668.253418	3578.253418	3587.253418	3608.506592	3604.506592	3611.746582	2702.126709	
343	748.000000	3597.416016	3670.583984	3584.890625	3591.306641	3607.138672	3609.167969	3616.306641	2704.583984	
344	747.149170	3596.149170	3673.552490	3581.746094	3591.149170	3601.044434	3611.701660	3613.596680	2704.149170	
345	748.680847	3596.000000	3672.319092	3583.521240	3589.319092	3606.723389	3616.202148	3609.638184	2703.159668	
346	745.675781	3599.324219	3667.013672	3579.844727	3589.000000	3601.351562	3612.844727	3606.506836	2704.662109	
347	747.463623	3599.178711	3671.748535	3575.715088	3591.463623	3601.642334	3619.390869	3609.284912	2703.357666	
348	748.000000	3599.810547	3670.568115	3578.242432	3588.757568	3596.325928	3609.651611	3603.515137	2704.621094	
349	750.396301	3598.402588	3671.597412	3577.402588	3586.402588	3597.396240	3606.201172	3602.000000	2702.603760	
350	751.786743	3601.933838	3672.786865	3573.853027	3589.933838	3594.853027	3614.654297	3598.066162	2701.213135	
351	747.355591	3603.000000	3678.418457	3575.322266	3591.000000	3604.062988	3616.225830	3609.385254	2703.322266	
352	749.042358	3609.084717	3677.718262	3572.197021	3585.676025	3603.957764	3615.239502	3610.718262	2702.478760	
353	745.521179	3613.239502	3681.478760	3576.971680	3589.225342	3611.211182	3613.507080	3611.492920	2704.239502	
354	745.463928	3609.608154	3686.659668	3576.804199	3588.804199	3610.340332	3615.195801	3612.731934	2705.731934	
355	745.283264	3612.300293	3690.150146	3574.566650	3589.433350	3616.883789	3621.016846	3613.000000	2705.283203	
356	744.299500	3613.299561	3686.096680	3569.096680	3585.096680	3612.995117	3622.299561	3613.700439	2707.101562	
357	746.050171	3610.949951	3684.683350	3569.050049	3580.949951	3614.100342	3621.316650	3607.849609	2706.633301	
358	748.333008	3612.666016	3681.000977	3567.333984	3581.999512	3616.000000	3617.667480	3603.666992	2704.666992	
359	748.350281	3613.350342	3684.847412	3573.146973	3585.598877	3615.350342	3619.248535	3603.000000	2703.350342	
360	744.836548	3607.938477	3686.101807	3572.571045	3577.509521	3613.101807	3617.203857	3601.101807	2701.734619	
361	746.692444	3605.000000	3681.923096	3570.615479	3573.846191	3611.384521	3619.307861	3597.538330	2701.615479	
362	750.794373	3604.401855	3676.411377	3569.205566	3570.813232	3611.000000	3623.196289	3597.196289	2702.598145	
363	751.419189	3605.161621	3672.257568	3572.065674	3569.742432	3608.676758	3622.838379	3599.161621	2702.419189	
364	749.310303	3603.183838	3672.689697	3574.436768	3571.563232	3607.563232	3622.563232	3597.183838	2704.252930	
365	747.454773	3604.816406	3675.635498	3576.180908	3572.545166	3608.000000	3624.090332	3596.635498	2703.819092	
366	744.891541	3611.162842	3677.000000	3581.162842	3573.527100	3608.000000	3625.527100	3600.108398	2702.000000	
367	746.563171	3611.963867	3675.981934	3583.490967	3574.000000	3610.545166	3624.981934	3603.018066	2702.509033	
368	749.018250	3610.000000	3672.054932	3579.563965	3575.963379	3611.036621	3621.545654	3601.054932	2702.509033	
369	748.472229	3609.527832	3669.944580	3579.778076	3577.055420	3612.305908	3619.472168	3598.472168	2701.527832	
370	747.640991	3611.265137	3672.359131	3582.187988	3576.000000	3616.453125	3618.640869	3599.453125	2702.812012	
371	746.867371	3612.265381	3673.132568	3582.602051	3577.734619	3616.132568	3619.168457	3598.265381	2704.132568	
372	748.828247	3611.242432	3668.272705	3583.101074	3579.171631	3613.757568	3620.343506	3595.171631	2702.585938	
373	751.577209	3614.971436	3665.365723	3583.337402	3580.365723	3613.182861	3617.211426	3595.577148	2702.394287	
374	750.631226	3618.748535	3668.251465	3587.754150	3583.625732	3615.748535	3617.123047	3596.502686	2703.000000	
375	746.417114	3618.228516	3668.416992	3584.000000	3583.708496	3614.520020	3618.645752	3597.188477	2703.708496	
376	749.334290	3616.671631	3668.994141	3585.337158	3585.000000	3609.665771	3618.334229	3600.659668	2705.000000	
377	749.685852	3619.057617	3667.512939	3586.429443	3586.570557	3609.628174	3617.115234	3596.314209	2703.115234	
378	748.706970	3616.121094	3672.414062	3583.585938	3588.241943	3609.827881	3611.827881	3597.000000	2699.585938	
379	747.183716	3614.272217	3671.816406	3586.632568	3585.088379	3608.088379	3609.000000	3598.632568	2701.272217	
380	746.004639	3616.255859	3673.748779	3588.990723	3587.497803	3609.995361	3607.995361	3603.000000	2702.502197	
381	748.769531	3620.230469	3673.230469	3583.460938	3585.769531	3609.304688	3605.460938	3604.152344	2703.769531	
382	746.111816	3620.160889	3674.419678	3586.468506	3586.468506	3616.580322	3607.419678	3608.000000	2703.629395	
383	739.379272	3615.862061	3676.379395	3590.672607	3592.189697	3616.137939	3609.379395	3609.137939	2705.620605	
384	741.678772	3611.339355	3677.660645	3585.509033	3592.151611	3619.133301	3611.169678	3613.490967	2704.169678	
385	744.400085	3612.400146	3675.250000	3587.850098	3587.699951	3610.149902	3611.100098	3610.850098	2704.550049	
386	741.913879	3608.869385	3670.869385	3587.260986	3585.086182	3610.739014	3606.522217	3610.130615	2702.260986	
387	747.776550	3608.111816	3670.223389	3588.218018	3579.000000	3609.335205	3610.446777	3610.888184	2704.000000	
388	746.557617	3609.000000	3671.535400	3581.535400	3578.535400	3611.535400	3612.698975	3609.628174	2703.628174	
389	751.775269	3609.000000	3666.925049	3577.599365	3574.449463	3606.850098	3600.823975	3606.074951	2700.224854	
390	749.113586	3609.397461	3666.170410	3584.716064	3579.659180	3605.056885	3610.886475	3606.943115	2703.056885	
391	751.000000	3615.805420	3669.233398	3580.038818	3574.116699	3606.233398	3609.116699	3606.116699	2703.922119	
392	751.000000	3611.020752	3674.833984	3580.979248	3576.958496	3611.854736	3611.833984	3608.854736	2702.000000	
393	750.997253	3611.980713	3667.013916	3580.010986	3575.008301	3605.016602	3604.024902	3602.024902	2701.997314	
394	750.015381	3605.107422	3671.923340	3583.938477	3577.953857	3610.907959	3612.861816	3610.861816	2701.015381	
395	746.134521	3616.596436	3670.067383	3584.000000	3578.966309	3611.000000	3613.000000	3611.000000	2701.966309	
396	744.103149	3614.154785	3667.154785	3578.309570	3579.948486	3608.154785	3617.742188	3608.154785	2702.000000	
397	744.930664	3613.069336	3666.069336	3578.930664	3583.722656	3604.277344	3616.138672	3605.208008	2702.930664	
398	746.825073	3620.300293	3670.562744	3577.174805	3581.262451	3606.737549	3619.650146	3606.825195	2703.000000	
399	749.683044	3612.056396	3661.162109	3570.739502	3580.105713	3607.894287	3613.739502	3608.788818	2703.894287	
400	750.000000	3609.247559	3661.752441	3576.133301	3585.257080	3608.876221	3613.876221	3601.114502	2701.371582	
401	751.716187	3611.574219	3654.277344	3573.567627	3580.851562	3601.277344	3610.567627	3602.574219	2702.716064	
402	751.160217	3607.801270	3658.878418	3576.359131	3585.038574	3601.679443	3613.359131	3602.160156	2700.480713	
403	749.356689	3611.929932	3660.821777	3578.643311	3583.534912	3605.286621	3610.713379	3602.000000	2701.643311	
404	746.588745	3619.430176	3661.803711	3578.196289	3589.430176	3607.607422	3608.392578	3605.215088	2702.000000	
405	749.142822	3617.071533	3657.285645	3577.214355	3587.857178	3603.285645	3613.500000	3608.357178	2703.571533	
406	747.696899	3615.232178	3662.909424	3580.070801	3596.980225	3605.070801	3618.838623	3612.070801	2704.767822	
407	747.000000	3614.250000	3665.000000	3579.499756	3599.250000	3603.749756	3613.999023	3612.250000	2704.250000	
408	747.732910	3616.198730	3667.198730	3573.869629	3594.602539	3609.596191	3612.732910	3612.000000	2704.000000	
409	749.432373	3613.419189	3666.567627	3576.297119	3587.270508	3605.554443	3607.986816	3609.135254	2702.567627	
410	750.699585	3612.699707	3665.300293	3570.304443	3587.798340	3601.600830	3606.000000	3610.098877	2702.000000	
411	748.265320	3613.000000	3665.000000	3568.367432	3582.846924	3598.948975	3603.265381	3608.948975	2702.683594	
412	749.674927	3612.331299	3667.006104	3573.681152	3585.349854	3598.668701	3606.681152	3610.675049	2703.668701	
413	748.380127	3610.689941	3667.344971	3573.380127	3586.035156	3600.310059	3602.450195	3611.344971	2702.689941	
414	745.073364	3615.779785	3673.422119	3577.779785	3583.073486	3600.357910	3606.706543	3610.357910	2703.926514	
415	746.520203	3615.219727	3671.959473	3581.000000	3582.000000	3605.670410	3609.109863	3610.630127	2701.849609	
416	749.236755	3617.947021	3672.091797	3582.855225	3585.091797	3607.763184	3614.183838	3612.236816	2703.091797	
417	748.180481	3619.787109	3670.967529	3577.328369	3585.787109	3606.393555	3613.754395	3609.361084	2703.180420	
418	749.970337	3616.029785	3671.970215	3574.188232	3582.623779	3607.188232	3612.188232	3612.940674	2701.406006	
419	748.510742	3617.489258	3671.673828	3573.255371	3582.163086	3608.000000	3611.836914	3616.418457	2700.418457	
420	748.845032	3615.447998	3670.000000	3575.983154	3583.569092	3606.292969	3612.137939	3613.155029	2700.569092	
421	752.669128	3612.000000	3666.661621	3574.549072	3580.661621	3603.330811	3611.887207	3609.887207	2701.556396	
422	752.912842	3613.630859	3665.087158	3573.718018	3582.892334	3602.000000	3613.174316	3614.435791	2700.912842	
423	749.345886	3614.469238	3668.123291	3576.530762	3586.469238	3603.061768	3613.407471	3615.284180	2702.654053	
424	746.481873	3618.663086	3671.554443	3578.554443	3587.554443	3603.481934	3613.554443	3612.518066	2703.963867	
425	748.021118	3618.452637	3670.473633	3579.494629	3584.957764	3601.484131	3613.484131	3608.957764	2703.505371	
426	748.522644	3615.969727	3665.537842	3580.969727	3581.492432	3597.045410	3611.507568	3605.000000	2702.522705	
427	747.959656	3618.479736	3661.080811	3580.600830	3582.479736	3596.399170	3609.560547	3607.878906	2701.479736	
428	748.532532	3616.195312	3662.272217	3581.739502	3585.804688	3598.065186	3608.934814	3612.402344	2701.532471	
429	747.089844	3613.000000	3666.910156	3580.994141	3585.814453	3596.544922	3610.910156	3610.359375	2702.365234	
430	747.327881	3611.672119	3665.786865	3576.770508	3584.213135	3598.655762	3612.885254	3607.770508	2704.442627	
431	745.556335	3609.139160	3663.430420	3581.152344	3587.000000	3603.291260	3611.417236	3608.708740	2704.139160	
432	743.511658	3610.511719	3664.837158	3585.255859	3585.744141	3609.604736	3608.000000	3607.418701	2703.837158	
433	746.593079	3611.151611	3663.151611	3586.593018	3582.372314	3610.709961	3605.965332	3606.779297	2703.779297	
434	746.395325	3607.000000	3660.976807	3587.186035	3578.813965	3603.790771	3604.976807	3606.581299	2702.790771	
435	745.847656	3606.615967	3665.920654	3587.463623	3577.768311	3607.304688	3608.768311	3610.920654	2704.000000	
436	745.868774	3605.626221	3669.000000	3585.000000	3579.373779	3610.626221	3611.121338	3614.000000	2703.252441	
437	748.636108	3603.544434	3668.272217	3583.544434	3577.452881	3610.000000	3610.452881	3610.725098	2702.727783	
438	748.708862	3603.480957	3667.000000	3581.354492	3575.480957	3611.063232	3607.063232	3607.835449	2698.329102	
439	748.618408	3606.963867	3664.582275	3580.618408	3577.927734	3609.200684	3608.654541	3612.309326	2692.835449	
440	745.663391	3605.336670	3662.692871	3579.346436	3575.009766	3605.702881	3608.673340	3612.009766	2701.663330	
441	746.639771	3606.656006	3667.343994	3580.688232	3576.343994	3612.343994	3609.016113	3614.983887	2701.656006	
442	749.680664	3605.125732	3665.680664	3578.000000	3574.041992	3609.083740	3605.083740	3616.361328	2703.638672	
443	747.447449	3600.552490	3667.173584	3579.552490	3572.621094	3606.552490	3601.621094	3616.241943	2704.068604	
444	744.905457	3603.698242	3671.094482	3583.905518	3573.698242	3610.000000	3603.000000	3617.792725	2702.301758	
445	747.586670	3600.653320	3667.239990	3583.359863	3571.533203	3607.653320	3600.653320	3613.533203	2703.293457	
446	749.571533	3596.143066	3664.428711	3577.857178	3570.000244	3603.143066	3596.143066	3610.571533	2702.285400	
447	750.720947	3598.162842	3667.720947	3580.279053	3574.441895	3606.558105	3600.674072	3610.046875	2699.953125	
448	750.273682	3597.915771	3668.094727	3581.547363	3573.547363	3607.452637	3605.821045	3606.368408	2703.631592	
449	751.268921	3601.924316	3668.041748	3581.924316	3573.924316	3605.462158	3608.269043	3607.579590	2700.269043	
450	751.205444	3598.735107	3661.589111	3581.383789	3571.000000	3605.854004	3609.264893	3601.794678	2701.529785	
451	749.261292	3597.477539	3666.783936	3586.954834	3570.738770	3609.693604	3609.477539	3603.216064	2702.738770	
452	748.707764	3595.741455	3669.000000	3585.033691	3572.584473	3607.033691	3607.741455	3603.325928	2702.258545	
453	745.511963	3596.535889	3667.976074	3584.416504	3578.720215	3607.184326	3607.255859	3606.416504	2702.744141	
454	748.270630	3601.508301	3667.287109	3574.254150	3577.287109	3600.778809	3608.000000	3598.541260	2702.000000	
455	752.505432	3604.010742	3671.725586	3575.000000	3582.736572	3604.989258	3606.230957	3604.230957	2702.000000	
456	750.973450	3606.495605	3668.026611	3577.017578	3582.278809	3602.504395	3603.522217	3601.774414	2702.504395	
457	743.258850	3606.007080	3676.244629	3579.475098	3590.237549	3604.251709	3608.230469	3608.489258	2704.251709	
458	747.000000	3610.760986	3674.251465	3571.767090	3588.018555	3606.257812	3603.521729	3606.012451	2704.245361	
459	746.748840	3615.748779	3675.502197	3579.748779	3595.995361	3609.748779	3611.739746	3611.497803	2702.502197	
460	745.749573	3613.497559	3678.752686	3578.499268	3592.499268	3608.499268	3605.000000	3611.001709	2704.250488	
461	745.249207	3608.750732	3681.508301	3576.003174	3590.003174	3604.757324	3605.249268	3613.252441	2704.750732	
462	746.000000	3607.752197	3673.256592	3572.256592	3587.247803	3600.230469	3606.247803	3609.760742	2704.000000	
463	746.000000	3608.233643	3670.753174	3569.753174	3587.013184	3604.779541	3605.519775	3606.000000	2704.246826	
464	745.753784	3609.045654	3670.984863	3569.246094	3586.215576	3600.215576	3602.230957	3607.969482	2704.015137	
465	745.736084	3599.754639	3672.282471	3568.773193	3592.018555	3606.263916	3604.773193	3611.791748	2701.736084	
466	748.244019	3599.976074	3668.464111	3565.732178	3589.488037	3602.535889	3601.488037	3605.488037	2703.023926	
467	749.242188	3602.031250	3670.578369	3568.484375	3589.789062	3599.452881	3602.515625	3606.273438	2701.210938	
468	750.481079	3599.481201	3665.164795	3570.481201	3585.278320	3604.962158	3603.164795	3601.835205	2704.759521	
469	752.000000	3601.478760	3670.802979	3572.000000	3583.239502	3607.042236	3607.845215	3595.239502	2703.281738	
470	752.238831	3603.716553	3668.910889	3574.149658	3583.761230	3606.388428	3603.627197	3598.627197	2701.000000	
471	752.522827	3604.568604	3673.568604	3579.807129	3583.000000	3613.761475	3610.330078	3605.330078	2700.761475	
472	751.477295	3601.909180	3669.716064	3576.716064	3584.431885	3613.000000	3606.193359	3600.000000	2700.238770	
473	752.045715	3608.000000	3671.045654	3578.284180	3588.045654	3612.045654	3609.522949	3600.715820	2701.477051	
474	749.955139	3607.522461	3668.716309	3576.955078	3585.716309	3609.238770	3608.955078	3602.283691	2702.283691	
475	752.521118	3606.957764	3671.718262	3580.000000	3587.042236	3609.042236	3611.520996	3601.197266	2700.239502	
476	749.791443	3608.549805	3674.000000	3580.966797	3583.758301	3607.933594	3610.241699	3605.483398	2701.966797	
477	746.978455	3604.489258	3674.000000	3581.798584	3584.712402	3612.287598	3610.266113	3604.553955	2704.755371	
478	750.248047	3605.503906	3673.751953	3576.984131	3587.271729	3607.496094	3607.007812	3597.992188	2703.007812	
479	751.251404	3602.742920	3672.748535	3582.245850	3579.251465	3607.742920	3605.257080	3599.994385	2700.000000	
480	751.489624	3601.041504	3672.000000	3582.041504	3578.724121	3603.234375	3607.979248	3598.786377	2701.275879	
481	750.000000	3607.000000	3673.295166	3585.668457	3575.000000	3601.259033	3605.000000	3603.222900	2704.481934	
482	751.576355	3606.474609	3677.525391	3578.211914	3575.788086	3602.262695	3605.262695	3601.788086	2702.211914	
483	754.138306	3605.265869	3678.468018	3576.531982	3578.797852	3603.000000	3605.468018	3603.202148	2700.797852	
484	748.461670	3607.345947	3679.422607	3581.229980	3582.076660	3604.345947	3606.960938	3602.345947	2703.269287	
485	746.728088	3610.728027	3683.552979	3588.368652	3585.271973	3607.456299	3613.912354	3605.456299	2704.000000	
486	746.548279	3609.177734	3677.548340	3586.193115	3585.725830	3606.548340	3612.096436	3605.918945	2704.000000	
487	748.000000	3607.551270	3678.173340	3589.244141	3587.480225	3607.448730	3614.724365	3609.897705	2702.897705	
488	747.723145	3607.338867	3676.276855	3582.830566	3592.338867	3606.276855	3614.000000	3607.000000	2700.830566	
489	748.112671	3603.000000	3676.165527	3584.165527	3587.721924	3607.278076	3612.887207	3606.443604	2701.887207	
490	750.720459	3601.881836	3675.118164	3582.559082	3586.161377	3610.236328	3609.720459	3605.000000	2700.118164	
491	749.437927	3600.686035	3676.875977	3583.718994	3584.843018	3615.718994	3609.000000	3605.000000	2703.000000	
492	748.000000	3605.282715	3674.000000	3583.000000	3588.413574	3614.434570	3606.738525	3605.282715	2702.151855	
493	749.423096	3604.292236	3672.292236	3581.861572	3589.723145	3611.007568	3602.992432	3603.723145	2699.430664	
494	753.286743	3598.279297	3668.000000	3579.573486	3581.992676	3606.860352	3606.279297	3599.720703	2698.286865	
495	753.422302	3594.577637	3665.978027	3580.133301	3577.866699	3608.422363	3602.866699	3600.822510	2699.577637	
496	718.822815	3597.455078	3662.746094	3578.582031	3580.873047	3607.582031	3607.910400	3594.746094	2701.291016	
497	582.878845	3601.293213	3667.000000	3581.172852	3583.000000	3609.000000	3614.120361	3599.293213	2701.706787	
498	375.802063	3602.886719	3669.660400	3584.886719	3583.591309	3610.182373	3613.478027	3600.886719	2701.591309	
499	168.882690	3605.596436	3676.596436	3587.298096	3585.298096	3611.807129	3616.701904	3604.192871	2703.298096	
500	109.123062	3608.202393	3677.699463	3588.601318	3586.901855	3612.306885	3617.803711	3607.000000	2704.000000	
501	161.688202	3611.909912	3674.573730	3587.573730	3587.786865	3617.270508	3621.696777	3606.696777	2704.000000	
502	286.685974	3613.387695	3670.837158	3583.531006	3586.531006	3612.531006	3621.612305	3603.550537	2703.693848	
503	465.612793	3611.381836	3674.072754	3586.381836	3587.527588	3616.927246	3622.381836	3599.545166	2703.309082	
504	588.223022	3611.559326	3671.064453	3586.247559	3582.000000	3617.752441	3620.688232	3600.504883	2703.376221	
505	709.091003	3611.222412	3669.314697	3588.685303	3583.259277	3613.426025	3620.314697	3595.314697	2702.944336	
506	768.343384	3601.729248	3670.953125	3585.458496	3586.000000	3611.588379	3620.046875	3595.046875	2704.046875	
507	794.436279	3600.922852	3673.320557	3580.961426	3586.640869	3614.038574	3617.038574	3594.602295	2702.640869	
508	790.939453	3605.969727	3672.060547	3585.262695	3588.969727	3608.444336	3615.969727	3597.676758	2703.676758	
509	792.390686	3607.021484	3667.021484	3589.347656	3587.738281	3602.630859	3614.738281	3596.021484	2702.021484	
510	785.026489	3607.631348	3664.013184	3586.026367	3584.289307	3605.342041	3608.986816	3597.289307	2700.000000	
511	777.355469	3611.343506	3661.337402	3582.993896	3588.349365	3601.349365	3610.668701	3602.674805	2700.000000	
512	768.335205	3608.333008	3661.331787	3585.998779	3585.330811	3596.333008	3610.666016	3600.998779	2699.666992	
513	764.666016	3608.332031	3660.993896	3586.330078	3589.666016	3596.666016	3612.667969	3602.666016	2699.667969	
514	763.330627	3604.991943	3656.004150	3583.669434	3591.342773	3598.677490	3614.000000	3603.673584	2700.330566	
515	763.005554	3603.346436	3660.346436	3584.329590	3594.994385	3602.323975	3613.664795	3606.329590	2700.676025	
516	762.646851	3609.008545	3664.327637	3583.000000	3594.680908	3603.033936	3614.344727	3606.008545	2704.336182	
517	753.608704	3611.337891	3663.337891	3584.351074	3597.662109	3610.662109	3616.662109	3605.635498	2703.311035	
518	740.581665	3612.339844	3665.019531	3589.039307	3597.000000	3612.039307	3617.359375	3605.078369	2700.679688	
519	729.258850	3615.055908	3667.685303	3591.629395	3596.657471	3614.972168	3620.000000	3611.286865	2702.685303	
520	720.189758	3617.614502	3669.346436	3588.653564	3596.000000	3614.731934	3621.039062	3608.000000	2703.653564	
521	716.159790	3615.351074	3665.084717	3584.840332	3593.542480	3617.297852	3620.893555	3607.648926	2702.648926	
522	722.356323	3616.356445	3659.563477	3578.287354	3588.287354	3613.149414	3615.218262	3607.356445	2702.712646	
523	724.086426	3615.913574	3665.637939	3575.189453	3584.827148	3610.534912	3612.362061	3605.103027	2703.637939	
524	728.947876	3614.368408	3663.526123	3574.579346	3582.105469	3614.631592	3613.737061	3601.473877	2703.737061	
525	735.875854	3613.124023	3660.249756	3575.623535	3582.499268	3611.749023	3615.375244	3605.125488	2703.124023	
526	745.115356	3613.822021	3663.204346	3571.528809	3582.293213	3608.000000	3616.382324	3607.382324	2700.764404	
527	757.727112	3617.272949	3668.052002	3574.000000	3582.104004	3609.168701	3612.714600	3609.947998	2703.168701	
528	766.370789	3616.973389	3668.576172	3575.986816	3579.576172	3613.781494	3608.781494	3613.397461	2703.807861	
529	774.621460	3618.541016	3670.351807	3578.189209	3582.973145	3615.162598	3612.594727	3613.594727	2701.594727	
530	777.413086	3612.826172	3669.131104	3579.065674	3580.000000	3612.239258	3614.891846	3614.239258	2699.760742	
531	774.634705	3614.000000	3673.317383	3581.158691	3580.420654	3614.420654	3618.579346	3613.896729	2700.103271	
532	766.147461	3614.856201	3671.856201	3583.424561	3581.856201	3615.856201	3617.572021	3612.284180	2701.287842	
533	758.822327	3612.951172	3673.435547	3586.257812	3580.822266	3613.080078	3614.822266	3611.822266	2700.306641	
534	750.682556	3609.886230	3675.772461	3585.329346	3577.113770	3611.101807	3617.760498	3612.544922	2700.670654	
535	739.946655	3611.450439	3676.198486	3584.748047	3576.900635	3614.099365	3621.847412	3613.847412	2700.351074	
536	729.059509	3611.086182	3676.284912	3585.655762	3576.172119	3613.000000	3617.086182	3608.172119	2702.000000	
537	721.537109	3612.777100	3676.222900	3587.222900	3575.851562	3611.611328	3614.148438	3603.222900	2702.000000	
538	717.253113	3614.126465	3673.468262	3586.341797	3576.594971	3609.063232	3610.594971	3600.468262	2702.468262	
539	714.421021	3612.000000	3676.368408	3588.526367	3574.526367	3606.105225	3609.473633	3602.420898	2703.000000	
540	720.309509	3609.126953	3676.126953	3588.478760	3576.394287	3606.873047	3607.605713	3604.478760	2702.521240	
541	727.903625	3603.580322	3670.580322	3588.032227	3578.032227	3606.612549	3602.580322	3606.451904	2702.967773	
542	736.379578	3602.956299	3672.401367	3588.467041	3580.912354	3606.423340	3600.489014	3608.489014	2704.000000	
543	747.932129	3604.011230	3673.539551	3584.562256	3581.045166	3604.067871	3600.505615	3608.505615	2703.011230	
544	758.500671	3604.500244	3672.500488	3581.500488	3582.500732	3605.000977	3603.000488	3611.500488	2702.000000	
545	768.058289	3606.505859	3675.505859	3584.000000	3586.482422	3608.965088	3605.494141	3613.988281	2702.505859	
546	774.533203	3610.066406	3678.044434	3588.088623	3587.044434	3608.044434	3607.044434	3619.644043	2701.977783	
547	777.031921	3611.452148	3677.936279	3588.388428	3585.904297	3606.904297	3606.936279	3623.420166	2702.031982	
548	776.958557	3608.958496	3680.686523	3589.165771	3584.562256	3606.603760	3608.645020	3625.686523	2704.041504	
549	775.474365	3609.051270	3681.320801	3585.641357	3585.474365	3605.320801	3608.320801	3626.320801	2703.948730	
550	771.285400	3606.816162	3675.346680	3580.592041	3583.938721	3604.653320	3605.530762	3617.693359	2700.877441	
551	761.571960	3600.250244	3670.857422	3580.393066	3581.928711	3601.643311	3606.535645	3615.678467	2699.535645	
552	750.052490	3601.866211	3669.000000	3581.703369	3581.000000	3605.110352	3609.703369	3620.703369	2701.081299	
553	740.085327	3606.546143	3668.453857	3583.453857	3582.092041	3607.631348	3609.269531	3616.447021	2700.907959	
554	734.896667	3604.241699	3664.689941	3587.965088	3578.034912	3605.103271	3607.551758	3613.206787	2699.448242	
555	729.543152	3607.013916	3664.785645	3585.871826	3579.571045	3606.000000	3607.442871	3616.671387	2699.000000	
556	726.562561	3609.312256	3667.562500	3580.437500	3587.375244	3606.000000	3607.562500	3615.749756	2700.125000	
557	727.000000	3608.000000	3664.024170	3583.407959	3583.752197	3606.000000	3611.407959	3615.135986	2702.135986	
558	731.012939	3608.000000	3661.000000	3583.706787	3579.000000	3601.413818	3614.573242	3617.719727	2702.426758	
559	737.473328	3608.000000	3663.894531	3582.578857	3581.315674	3597.421143	3616.736572	3617.842285	2702.578857	
560	744.679382	3608.000000	3665.415039	3581.245117	3581.245117	3601.094482	3617.415039	3615.245117	2703.000000	
561	754.504822	3606.817383	3665.000000	3578.817383	3579.408691	3599.860596	3611.677979	3615.182617	2701.817383	
562	766.171692	3603.609375	3662.011719	3573.816406	3581.988281	3599.390625	3612.781250	3616.000000	2701.597656	
563	772.207458	3606.226074	3660.000000	3572.811279	3579.773926	3600.396240	3615.396240	3614.792480	2702.000000	
564	774.220459	3609.000000	3663.661377	3577.051025	3581.271484	3602.440918	3615.610107	3619.491943	2703.220459	
565	775.000000	3607.764893	3664.764893	3579.000000	3581.529785	3601.529785	3614.147217	3616.824463	2703.382324	
566	772.497559	3607.625488	3667.753662	3582.753662	3584.379150	3606.256104	3614.251221	3615.502441	2702.374512	
567	771.634033	3611.803955	3666.196045	3583.731934	3585.097900	3603.025879	3614.365967	3613.830078	2701.365967	
568	761.079285	3616.569580	3663.357666	3581.072754	3585.284912	3602.211914	3613.357666	3612.000000	2702.284912	
569	751.747009	3614.096436	3661.048340	3581.301270	3585.349365	3602.698730	3609.096436	3613.951660	2703.000000	
570	740.781860	3611.341553	3661.316895	3583.316895	3580.390869	3601.341553	3611.609131	3615.000000	2703.658447	
571	732.001831	3609.000977	3662.666260	3580.668213	3579.332764	3597.001953	3610.001953	3613.000977	2702.667236	
572	730.000000	3607.325439	3662.325439	3576.976318	3580.000000	3599.721924	3610.023682	3613.349121	2701.325439	
573	725.902832	3605.634277	3660.634277	3578.731445	3579.317139	3593.122803	3607.585693	3611.268555	2702.365723	
574	728.835632	3599.473633	3658.618408	3581.381592	3579.690918	3593.835693	3606.690918	3615.526367	2701.618408	
575	731.000000	3603.983643	3661.491943	3580.603271	3576.508057	3593.904785	3610.491943	3611.016357	2703.793457	
576	737.349731	3607.705566	3667.233154	3582.822021	3582.760742	3593.705566	3614.822021	3610.822021	2702.883301	
577	742.137268	3607.287598	3664.012939	3578.300537	3577.450928	3595.424805	3611.012939	3612.712402	2703.424805	
578	751.630920	3602.684570	3666.315430	3576.000000	3580.473145	3596.000000	3610.438477	3615.157715	2698.965332	
579	757.178589	3608.988037	3667.273926	3574.547607	3582.273926	3594.547607	3603.738037	3613.821533	2699.904785	
580	763.862244	3606.870605	3666.267334	3577.663818	3581.267334	3599.129395	3609.793457	3615.931152	2701.000000	
581	765.260315	3607.218994	3665.260254	3573.822021	3576.561768	3599.520508	3607.822021	3617.739746	2701.739746	
582	768.734192	3603.519043	3667.240479	3575.734131	3569.025391	3599.000000	3606.746826	3617.253174	2699.759521	
583	769.245483	3609.545166	3667.245361	3574.736328	3573.790771	3596.736328	3608.509033	3616.245361	2700.509033	
584	762.135742	3608.949219	3670.813477	3577.813477	3576.000000	3600.576172	3610.525391	3615.237305	2700.237305	
585	760.000000	3604.140381	3669.684326	3575.140381	3570.596680	3603.543701	3607.140381	3610.368652	2700.000000	
586	752.961487	3603.000000	3664.307617	3581.820557	3565.871826	3602.435791	3602.871826	3612.128174	2699.218018	
587	747.828308	3603.000000	3662.207031	3579.242432	3565.792969	3600.414062	3604.378662	3607.449463	2703.757568	
588	740.568848	3604.607910	3667.627197	3579.607910	3574.842773	3596.784424	3605.000000	3606.000000	2703.392090	
589	736.555176	3598.480469	3660.850586	3580.000000	3572.110352	3601.704590	3607.444824	3604.370117	2702.185059	
590	730.217224	3605.260986	3663.130615	3590.739502	3571.000000	3604.652100	3612.130615	3605.652100	2699.521729	
591	728.162659	3600.301270	3663.162598	3584.626709	3576.861328	3605.000000	3609.650635	3600.976074	2702.349365	
592	731.392395	3605.784668	3668.088623	3589.784668	3575.455811	3610.936768	3613.240479	3606.784668	2702.151855	
593	732.859009	3604.422852	3666.422852	3591.000000	3575.000000	3604.268555	3612.281982	3604.563965	2701.140869	
594	736.480835	3605.740479	3670.351074	3591.870117	3575.870117	3608.221191	3610.259521	3607.480713	2701.000000	
595	742.290771	3606.000000	3663.945557	3586.709229	3569.827393	3608.118164	3607.354736	3606.236328	2702.763672	
596	751.933105	3598.853516	3670.146484	3584.213379	3573.466553	3608.000000	3612.359863	3608.679932	2700.320068	
597	763.855164	3599.809082	3670.095459	3582.190918	3567.667725	3603.477051	3612.095459	3602.667725	2701.809082	
598	770.491760	3605.491699	3665.423584	3588.406982	3576.153076	3609.406982	3607.423584	3604.745850	2701.084717	
599	771.925964	3604.148193	3668.703857	3579.740479	3572.370361	3598.888672	3601.444336	3603.148193	2704.703857	
600	768.254089	3606.809326	3675.555420	3585.555420	3579.491699	3611.110596	3609.428223	3608.618896	2703.126953	
601	767.053223	3605.106445	3668.425781	3589.787109	3580.000000	3602.532227	3603.372559	3609.946777	2704.893555	
602	765.086548	3612.653809	3670.870117	3589.043213	3582.870117	3609.653809	3610.653809	3611.913574	2702.129883	
603	755.326538	3612.032715	3669.065430	3593.836670	3581.065430	3606.130615	3610.032715	3608.130615	2703.934570	
604	739.345581	3610.043213	3672.913574	3596.935303	3590.783936	3607.956787	3614.892090	3612.892090	2702.043213	
605	720.199341	3610.000000	3657.167969	3587.104980	3589.020996	3608.989502	3605.104980	3606.073486	2701.010498	
606	697.993042	3610.996582	3663.998779	3588.997070	3587.997070	3605.995850	3607.001709	3608.994873	2701.999512	
607	686.093506	3605.070068	3661.964844	3584.000000	3583.000000	3599.046875	3610.000000	3600.023438	2701.011719	
608	694.343689	3610.954102	3659.022949	3584.000000	3583.022949	3602.931152	3610.000000	3602.000000	2702.000000	
609	709.921936	3609.034180	3660.068359	3584.000000	3584.170654	3599.965820	3609.965820	3602.204834	2701.931641	
610	736.911011	3610.182129	3662.273193	3583.817871	3588.863281	3599.045654	3609.136719	3607.863281	2700.136719	
611	758.359863	3613.539551	3668.057617	3580.402832	3586.115234	3600.172607	3612.287842	3605.230225	2702.827393	
612	797.491699	3606.140381	3668.578613	3586.227295	3587.718994	3602.016602	3616.648682	3608.508301	2700.210693	
613	803.413940	3608.251221	3663.083740	3576.334961	3584.083740	3589.753418	3612.669678	3602.753418	2702.748779	
614	795.530273	3611.196045	3665.077881	3580.489990	3584.608154	3597.902100	3620.097900	3611.000000	2700.097900	
615	780.988098	3612.662598	3675.112549	3585.337402	3581.449707	3597.562256	3621.112549	3611.674561	2701.224854	
616	771.853149	3610.509766	3675.617676	3588.000000	3584.617676	3601.490234	3620.598389	3616.745117	2703.127441	
617	764.000000	3613.572754	3673.712158	3587.287842	3581.145264	3597.002930	3611.569824	3614.572754	2704.000000	
618	763.212524	3611.157471	3677.054932	3582.842529	3575.842529	3590.527588	3614.685059	3611.054932	2704.000000	
619	758.484436	3611.828125	3672.343750	3582.515625	3576.374756	3589.546631	3612.312500	3607.202881	2703.656250	
620	755.442810	3610.257080	3673.442871	3583.514160	3581.142822	3595.328369	3609.557129	3611.885742	2702.000000	
621	753.000000	3607.996094	3671.398438	3577.199219	3574.991943	3588.796875	3611.601562	3606.402344	2701.800781	
622	751.299988	3612.212402	3671.512451	3579.062500	3582.149902	3592.637451	3608.724854	3604.425049	2701.000000	
623	743.872375	3611.646729	3667.578613	3584.804199	3581.255371	3595.451172	3605.127686	3608.706299	2700.774414	
624	739.523193	3606.761475	3671.569580	3588.615967	3588.523193	3597.476807	3607.807861	3615.138916	2700.715332	
625	736.747559	3606.250488	3667.250488	3582.001953	3585.998047	3601.003906	3607.005859	3606.250488	2703.000000	
626	732.476562	3606.476562	3669.046875	3586.046875	3582.738281	3604.382812	3614.429688	3607.261719	2702.476562	
627	733.448730	3605.271973	3671.455811	3587.095459	3583.088379	3599.720947	3610.544189	3607.183838	2701.271973	
628	740.845947	3605.436035	3669.718018	3582.845947	3583.180176	3603.898193	3613.127930	3603.872070	2701.718018	
629	744.753357	3606.337891	3669.000000	3583.831055	3576.292236	3598.045654	3615.123291	3603.045654	2700.707764	
630	749.605530	3610.486084	3670.513916	3582.211182	3578.211182	3602.394531	3613.605469	3608.302734	2701.211182	
631	753.822388	3608.254395	3674.000000	3583.431885	3582.254395	3602.881592	3616.568115	3609.627197	2703.372803	
632	762.271545	3608.728516	3673.351074	3580.000000	3581.430420	3603.430420	3616.430420	3608.728516	2701.351074	
633	768.340088	3605.005127	3673.675049	3579.665039	3577.015381	3597.675049	3612.015381	3605.675049	2700.334961	
634	771.000000	3606.309082	3674.927490	3577.963623	3580.927490	3600.309082	3616.618408	3607.272949	2701.000000	
635	769.575623	3605.356201	3674.916992	3578.492676	3580.560791	3601.136475	3614.356201	3605.068359	2701.356201	
636	766.265442	3607.469238	3679.796387	3581.898193	3585.530762	3603.898193	3614.632812	3607.367188	2701.632812	
637	761.968262	3609.242188	3677.894775	3580.378906	3586.031738	3603.894775	3615.894775	3609.515869	2701.757812	
638	757.000000	3606.044434	3677.088867	3578.653320	3587.871094	3606.608887	3617.435547	3606.915527	2703.391113	
639	751.346741	3606.230469	3673.826660	3576.615234	3585.019043	3607.615234	3617.019043	3600.211426	2703.596191	
640	741.331848	3611.416992	3674.246582	3578.583008	3587.583008	3609.166016	3617.497803	3602.000000	2703.833984	
641	736.417908	3612.430420	3669.860596	3579.721436	3589.582031	3608.000000	3617.012451	3600.278564	2703.708984	
642	732.556519	3611.226074	3670.113037	3576.677979	3589.451904	3608.443604	3618.782471	3599.330566	2703.773926	
643	733.369019	3604.892822	3669.456299	3573.650635	3585.000000	3606.718262	3616.912598	3598.718262	2704.630859	
644	735.468994	3601.875977	3666.716797	3576.124023	3585.000000	3603.531006	3614.716797	3596.000000	2702.062012	
645	740.335510	3603.518311	3664.445068	3574.481689	3582.109619	3604.927002	3612.445068	3596.481689	2700.518311	
646	744.505615	3602.011230	3669.460693	3579.449707	3578.011230	3607.000000	3614.494385	3598.977539	2700.988770	
647	746.535156	3603.028076	3670.971924	3580.957764	3580.549316	3611.056152	3618.042236	3605.563232	2700.479004	
648	753.676636	3605.000000	3665.362549	3578.000000	3581.401855	3611.882324	3617.362549	3607.401855	2693.284180	
649	759.596924	3602.870850	3665.193848	3579.064697	3579.532227	3606.338623	3612.935303	3606.596924	2694.919922	
650	761.544983	3601.000000	3666.364990	3580.000000	3575.640381	3602.910156	3612.544922	3603.640381	2701.544922	
651	764.787781	3603.230225	3668.345215	3579.442383	3571.442383	3601.442383	3614.114990	3600.557617	2701.442383	
652	765.860107	3602.720215	3669.860107	3575.580322	3569.860107	3594.730469	3614.429932	3602.709961	2701.570068	
653	768.492249	3601.582031	3670.746094	3577.074219	3570.164062	3595.238281	3614.000000	3603.417969	2702.582031	
654	767.435486	3603.188232	3664.276855	3577.029541	3569.217773	3597.217773	3611.623779	3600.029541	2701.811768	
655	758.329468	3605.819336	3666.276855	3576.819336	3573.457764	3600.244873	3611.212891	3599.819336	2701.606445	
656	755.237732	3604.524414	3664.811279	3577.381104	3573.286621	3596.811279	3609.524414	3601.618896	2702.000000	
657	748.420349	3603.000000	3667.316406	3577.631592	3575.421387	3599.316406	3609.263184	3605.789795	2700.736816	
658	740.132935	3608.156006	3669.710938	3576.066406	3574.777344	3600.421875	3612.578125	3609.289062	2701.289062	
659	734.712158	3611.657471	3672.945312	3578.945312	3578.918213	3602.945312	3615.972656	3611.972656	2704.630371	
660	735.683289	3607.304199	3672.316650	3577.645996	3580.658447	3596.279297	3608.950195	3606.962646	2704.658447	
661	736.315186	3605.684814	3669.630371	3581.478516	3582.054443	3595.424072	3613.902344	3606.739258	2704.000000	
662	734.601379	3605.300781	3672.496582	3576.307617	3582.300781	3593.503418	3613.804199	3608.000000	2704.000000	
663	741.856384	3601.428955	3671.143066	3574.428467	3579.143066	3591.285889	3612.000000	3606.571533	2704.714111	
664	746.457520	3605.101318	3672.915039	3572.813721	3580.186279	3587.356201	3607.627441	3599.441162	2701.356201	
665	752.938171	3605.515381	3669.546387	3567.546387	3586.195801	3590.453613	3613.422607	3598.484619	2705.195801	
666	756.509338	3604.245361	3671.773438	3573.546631	3581.208008	3591.245361	3613.736084	3599.000000	2722.093506	
667	760.066772	3609.366943	3680.666992	3581.366943	3585.133545	3599.433594	3616.066895	3600.533447	2760.734619	
668	759.442322	3612.557617	3676.769287	3579.884766	3585.442383	3597.327148	3615.442383	3600.221191	2807.604736	
669	764.538452	3609.835205	3678.164795	3578.208740	3579.461426	3592.835205	3617.373535	3602.373535	2876.549561	
670	763.589783	3607.393311	3679.803467	3580.410156	3584.427246	3600.033936	3617.196533	3605.410156	2928.956299	
671	761.369690	3611.075684	3678.369629	3578.554688	3583.554688	3601.184814	3618.630371	3601.924316	2985.278320	
672	761.825989	3606.218018	3675.521973	3576.348145	3582.174072	3595.218018	3607.436279	3599.348145	3030.691406	
673	756.149597	3599.985352	3676.671631	3573.492676	3579.492676	3596.507324	3611.686279	3599.000000	3064.744629	
674	749.087646	3603.223145	3677.844727	3575.533936	3580.689209	3594.466064	3611.310791	3598.155273	3084.358643	
675	744.589905	3605.705078	3682.262695	3579.410156	3579.294922	3602.525391	3615.262695	3605.672852	3100.640381	
676	743.139771	3599.978516	3672.677246	3580.000000	3576.419434	3601.419434	3607.397705	3601.838623	3100.419434	
677	739.528015	3604.208008	3672.736084	3580.000000	3576.867920	3601.000000	3609.471924	3599.263916	3094.791992	
678	734.621948	3599.746338	3672.124268	3575.621826	3575.248779	3599.248779	3612.626953	3602.502441	3088.746338	
679	740.184021	3608.717773	3673.766846	3579.417236	3575.000000	3597.233154	3608.582764	3601.233154	3072.098389	
680	744.565063	3603.760986	3672.217529	3578.217529	3570.543701	3600.565186	3608.000000	3598.326172	3060.196045	
681	745.899048	3601.201904	3672.898926	3578.000000	3577.192383	3604.596191	3607.101074	3596.201904	3043.716309	
682	748.719421	3601.000000	3673.000000	3576.187012	3575.280518	3602.280518	3605.187012	3593.280518	3038.374023	
683	752.657043	3610.142578	3674.828613	3578.742676	3583.228271	3612.056885	3611.399902	3606.713867	3031.600098	
684	754.842957	3604.549805	3670.392578	3581.764404	3579.392578	3605.628174	3608.314209	3602.471191	3024.549805	
685	757.783691	3605.855713	3675.567383	3581.072021	3587.351074	3602.216309	3612.639404	3608.495361	3017.504639	
686	759.867126	3605.066406	3667.597900	3580.066406	3588.000000	3607.601318	3610.199219	3605.265869	3020.734131	
687	760.000000	3606.879883	3668.879883	3586.579102	3588.939941	3600.480957	3612.819580	3609.699463	3018.180420	
688	760.000000	3605.106934	3669.946533	3577.534668	3578.588135	3597.160400	3608.267334	3607.160400	3019.893066	
689	762.863220	3602.136719	3669.045654	3577.000000	3579.908691	3598.908691	3610.863281	3607.000000	3020.954346	
690	755.297913	3600.074463	3665.148926	3572.186279	3582.888184	3597.074463	3607.148926	3599.297852	3025.813721	
691	754.027527	3598.054932	3667.917480	3583.669922	3582.027588	3601.862549	3608.945068	3609.697510	3028.917480	
692	748.104919	3597.017578	3661.122559	3573.192383	3576.104980	3597.087402	3603.104980	3609.017578	3030.965088	
693	744.025940	3597.993408	3677.889893	3574.987061	3579.974121	3604.948242	3610.948242	3610.987061	3033.980469	
694	743.005310	3601.053223	3673.037354	3577.010742	3579.021240	3612.016113	3614.010742	3612.026611	3039.978760	
695	743.889587	3610.871094	3679.871094	3578.963135	3582.907959	3614.871094	3615.852783	3616.852783	3036.055176	
696	738.221558	3604.094971	3673.126709	3577.031738	3578.031738	3608.221680	3608.000000	3609.253174	3038.936768	
697	744.585205	3606.953857	3677.000000	3577.861816	3579.368652	3614.907715	3608.230469	3616.953857	3037.368652	
698	736.614441	3605.815674	3677.184326	3575.122803	3586.631348	3612.815674	3612.631348	3615.754150	3044.754150	
699	746.391479	3603.078369	3679.217041	3576.843506	3581.000000	3609.530273	3606.608398	3612.078369	3040.921631	
700	751.572754	3603.522705	3669.904541	3575.190918	3580.427246	3604.572754	3602.763672	3612.809082	3039.713623	
701	757.680847	3598.319092	3668.432617	3576.432617	3575.453857	3608.865234	3608.865234	3610.546143	3036.772949	
702	763.394836	3593.657959	3664.000000	3572.921143	3578.473633	3600.263184	3601.710938	3606.078857	3035.131592	
703	765.401062	3598.748779	3663.700439	3578.101562	3574.700439	3601.850342	3610.903809	3601.197754	3036.149658	
704	761.164124	3602.832764	3662.000000	3573.668701	3574.337402	3601.334229	3601.006104	3607.665771	3036.832764	
705	757.184814	3602.184814	3662.184814	3575.336670	3581.369629	3602.445557	3610.815186	3606.000000	3036.369629	
706	755.774170	3602.190674	3664.618652	3569.416504	3582.797607	3599.797607	3610.000000	3607.214111	3037.797607	
707	748.102295	3600.102295	3668.574951	3575.440918	3581.338623	3599.220459	3608.015869	3609.354492	3037.000000	
708	750.569702	3602.569580	3660.953613	3577.238281	3580.430420	3600.476807	3603.622314	3601.668701	3037.000000	
709	745.743347	3598.770020	3664.770020	3578.513184	3585.256592	3602.256592	3609.946777	3607.000000	3037.000000	
710	744.725647	3601.000000	3665.353760	3579.725586	3583.256348	3603.000000	3604.274414	3608.371826	3036.451172	
711	743.416809	3600.416748	3660.708496	3576.958984	3577.166260	3602.708496	3602.667236	3607.334717	3034.416748	
712	742.616089	3598.384033	3662.156250	3573.232178	3578.459717	3604.772217	3597.924072	3598.464355	3033.615967	
713	742.704590	3597.647705	3664.085205	3576.971680	3576.295410	3607.761475	3599.676025	3602.380615	3035.971680	
714	739.661194	3604.082031	3662.404541	3581.371582	3582.387939	3605.065674	3602.387939	3602.726807	3037.322510	
715	741.472290	3608.702148	3667.821289	3582.114990	3585.468262	3611.234131	3609.706299	3606.821289	3036.353271	
716	746.733643	3602.301514	3664.200928	3578.668213	3580.467285	3608.000000	3614.301514	3603.567871	3038.467285	
717	750.283020	3606.478027	3666.097412	3582.336426	3581.478027	3604.575439	3617.336426	3606.858398	3039.858398	
718	756.758545	3605.182129	3664.576416	3578.394043	3576.635498	3600.576416	3614.182129	3604.605957	3039.182129	
719	764.260498	3605.369873	3663.739502	3579.407471	3575.853027	3603.407471	3613.554688	3606.037842	3039.777344	
720	768.158630	3604.261963	3661.944824	3582.103516	3576.213867	3604.841309	3613.786133	3608.579346	3036.317139	
721	763.963806	3604.698730	3665.566162	3582.397461	3570.132568	3602.530029	3615.963867	3609.301270	3035.301270	
722	760.000000	3605.234131	3664.106201	3579.893799	3570.340576	3600.681152	3611.106201	3610.553223	3037.000000	
723	758.159851	3604.779785	3662.079834	3577.319580	3570.619873	3600.779785	3610.000000	3609.079834	3036.079834	
724	753.158325	3603.841797	3663.368164	3577.736084	3571.368164	3599.368164	3610.473633	3610.368164	3035.473633	
725	747.559265	3606.023682	3665.511963	3580.071045	3573.511963	3600.535645	3612.464355	3611.047363	3036.488037	
726	742.986023	3607.013916	3666.510498	3584.048828	3577.531494	3600.510498	3612.992920	3612.524414	3039.013916	
727	741.000000	3609.000000	3666.961914	3586.847656	3580.442871	3604.076172	3612.519043	3614.961914	3042.557129	
728	741.534546	3607.396484	3662.792969	3585.672607	3576.861816	3604.930908	3613.534424	3614.534424	3040.258301	
729	742.000000	3605.450195	3659.450195	3586.900391	3576.099609	3600.700928	3611.250732	3610.051514	3038.649414	
730	740.304749	3602.739746	3661.825439	3581.479492	3582.650879	3604.215820	3614.650879	3608.825439	3041.130127	
731	737.259583	3599.259521	3659.938965	3579.160156	3580.618652	3603.778809	3613.778809	3611.580078	3040.839844	
732	737.785828	3601.571533	3662.357422	3586.548096	3577.785889	3602.976318	3610.595215	3613.785889	3041.190430	
733	739.000000	3600.336182	3664.168213	3586.725586	3579.000000	3603.778809	3610.389404	3611.946777	3042.000000	
734	743.383667	3603.636230	3664.878662	3582.121338	3585.888672	3608.010010	3610.000000	3612.504883	3042.000000	
735	750.491699	3600.583252	3661.508301	3575.866699	3583.583252	3602.016602	3608.716553	3608.224854	3040.074951	
736	755.629333	3599.629395	3661.629395	3578.916016	3580.657227	3601.601318	3606.028076	3605.657227	3037.685303	
737	757.672913	3601.672852	3661.654297	3575.944092	3583.018555	3599.962646	3605.672852	3605.327148	3037.672852	
738	759.375854	3599.248291	3663.063721	3575.063721	3586.751709	3603.503418	3603.936279	3605.000000	3035.248291	
739	760.702454	3600.809814	3660.487793	3579.512207	3585.190186	3601.082764	3600.892578	3605.000000	3037.512207	
740	762.434631	3599.848145	3663.303955	3582.434570	3588.303955	3604.738525	3605.738525	3603.565430	3038.282715	
741	761.534729	3597.534668	3662.802002	3582.267334	3587.069336	3604.802002	3603.604004	3603.732666	3040.197998	
742	760.251404	3602.240234	3664.245850	3584.245850	3583.754150	3604.000000	3602.000000	3605.497314	3038.005615	
743	754.649902	3600.178467	3665.764404	3583.471436	3587.585693	3607.057129	3599.707031	3610.585693	3038.528564	
744	748.320435	3601.339844	3666.780029	3590.019287	3587.440186	3611.119629	3605.239502	3607.320312	3039.000000	
745	747.795593	3603.591064	3669.386719	3588.817627	3593.364746	3608.817627	3610.182373	3610.773438	3042.182373	
746	746.376404	3601.564697	3668.376465	3589.623535	3589.317383	3608.811768	3606.129150	3615.247314	3038.940918	
747	746.827698	3596.033691	3663.861328	3580.895020	3582.205811	3599.895020	3604.172363	3607.722656	3038.000000	
748	744.469604	3593.312988	3665.530273	3579.843506	3589.434570	3603.904297	3609.060791	3609.373779	3038.000000	
749	745.717590	3599.870361	3668.576416	3582.576416	3588.423584	3604.141113	3608.282471	3607.423584	3039.717529	
750	747.748230	3603.622314	3673.370605	3583.874023	3588.874023	3604.874023	3610.622314	3613.992920	3042.622314	
751	745.333252	3603.111084	3669.555420	3582.222168	3586.333252	3601.444336	3610.111084	3615.000000	3043.888916	
752	747.711731	3602.096191	3670.807861	3582.000000	3587.807861	3610.039062	3610.000000	3616.807861	3039.480469	
753	749.837097	3601.081543	3667.325684	3575.570068	3587.081543	3601.814453	3609.081543	3614.244385	3042.674316	
754	752.801514	3602.867676	3670.735352	3579.669189	3591.669189	3601.000000	3607.132324	3613.066162	3040.198486	
755	753.000000	3609.638672	3669.103271	3579.051514	3586.309814	3605.741943	3608.896729	3616.793457	3038.103271	
756	757.814636	3610.962891	3667.074219	3582.851807	3585.037109	3607.925781	3609.962891	3617.000000	3038.000000	
757	751.162964	3609.046631	3670.906982	3580.069824	3585.000000	3599.209473	3600.232910	3615.046631	3038.976807	
758	751.990540	3604.047119	3667.037842	3586.933838	3583.018799	3599.000000	3607.924561	3615.990479	3039.000000	
759	756.003601	3609.989014	3665.043457	3579.025391	3584.007324	3597.018066	3599.014404	3613.018066	3038.003662	
760	756.886597	3607.048584	3676.854248	3585.935303	3585.935303	3601.983887	3603.000000	3617.967529	3039.048584	
761	749.835815	3609.917969	3668.136719	3582.109375	3582.218994	3601.273682	3603.246338	3616.246338	3041.945312	
762	743.962341	3607.150635	3672.774170	3585.849365	3589.774170	3610.849365	3612.000000	3624.510742	3040.075195	
763	743.233276	3610.813477	3667.139893	3582.186523	3584.000000	3607.093262	3611.766602	3612.419922	3041.766602	
764	747.944092	3607.055908	3669.832275	3585.888184	3583.888184	3608.608887	3606.944092	3620.608887	3037.279297	
765	746.801453	3608.132324	3667.198486	3583.933838	3582.198486	3602.264648	3606.132324	3614.000000	3042.000000	
766	744.153992	3610.000000	3669.538086	3582.769043	3584.614990	3606.000000	3607.845947	3614.076904	3041.845947	
767	746.174438	3609.825439	3664.436035	3579.651123	3581.221191	3606.087158	3606.261719	3615.697754	3039.389404	
768	748.097229	3607.902832	3668.513672	3576.000000	3593.222168	3606.513672	3608.805420	3622.513672	3032.416504	
769	749.429077	3607.750732	3664.214600	3576.107178	3585.249268	3602.428955	3607.750732	3618.214600	3024.425781	
770	753.236328	3613.409180	3665.409180	3576.527344	3579.472656	3605.409180	3612.345703	3619.527344	3000.991211	
771	756.176758	3607.692627	3660.215576	3571.823242	3581.430908	3600.215576	3599.215576	3614.954102	2978.678223	
772	764.437744	3598.270508	3655.145996	3563.416260	3570.854004	3594.270508	3594.291748	3607.124512	2929.270508	
773	765.851868	3596.132324	3656.984131	3562.132324	3570.984131	3591.312256	3597.476074	3602.491943	2917.782959	
774	759.632141	3605.712646	3662.000000	3571.896484	3575.448242	3598.735596	3604.448242	3604.448242	2877.321533	
775	758.000000	3600.612793	3662.817139	3567.204346	3573.408691	3603.021484	3603.021484	3602.612793	2857.526855	
776	757.774353	3603.225586	3664.871582	3568.451416	3573.871582	3605.871582	3607.225586	3605.677002	2842.871582	
777	753.284546	3609.201660	3665.953857	3574.458496	3573.963135	3606.706299	3609.486084	3609.733887	2839.743164	
778	741.458984	3622.835938	3677.212891	3584.483398	3586.541016	3618.565430	3613.188477	3614.729492	2844.164062	
779	741.173218	3615.533447	3669.053223	3576.173340	3587.120117	3612.293213	3611.586670	3613.413330	2854.106445	
780	744.633545	3611.049805	3668.614990	3578.049805	3584.683350	3612.049805	3613.633545	3611.683350	2868.117920	
781	744.976746	3609.000000	3659.387451	3577.023193	3586.046387	3610.682129	3615.341064	3611.000000	2886.208984	
782	741.168579	3608.633789	3663.267334	3579.732666	3589.267334	3609.069580	3613.069580	3611.000000	2911.325684	
783	739.175903	3607.216064	3664.351807	3582.175781	3588.000000	3607.135742	3609.175781	3612.959717	2932.231201	
784	743.093323	3608.093262	3667.162598	3581.906738	3588.837402	3611.162598	3611.000000	3614.325439	2951.280029	
785	746.000000	3607.878174	3664.216064	3580.783936	3587.770020	3608.662109	3607.878174	3610.216064	2968.027588	
786	746.946716	3607.313477	3662.946777	3584.420166	3585.473389	3606.053223	3606.366699	3608.473389	2981.313477	
787	750.001892	3605.494873	3662.999023	3586.000000	3584.999023	3603.999023	3605.997070	3605.496826	2992.006592	
788	755.160095	3597.366699	3659.893311	3580.733154	3578.733154	3600.366699	3603.000000	3599.893311	3002.160156	
789	758.000000	3597.757568	3662.412109	3580.963623	3577.860596	3601.309082	3607.963623	3601.309082	3010.514893	
790	756.850525	3598.275879	3661.976807	3583.275879	3581.574707	3601.701172	3608.551758	3602.275879	3018.448242	
791	757.791077	3599.388184	3663.179199	3584.985107	3582.596924	3603.582031	3610.776123	3606.970215	3020.403076	
792	760.855835	3601.618652	3659.813965	3583.288330	3580.525635	3606.000000	3613.381348	3609.762695	3020.618652	
793	754.972778	3602.000000	3661.110596	3584.833008	3580.277588	3611.110596	3616.194092	3609.638916	3021.000000	
794	751.657410	3601.342529	3665.314941	3587.000000	3581.657471	3612.027832	3611.425781	3610.000000	3022.972168	
795	750.648926	3602.351074	3663.973389	3589.702148	3579.297852	3606.946777	3611.377686	3607.973389	3021.973389	
796	746.533630	3602.306641	3658.147217	3584.760498	3578.693359	3602.226807	3611.613525	3607.693359	3018.920166	
797	747.842896	3602.000000	3657.421387	3583.421387	3575.446289	3603.843018	3611.000000	3610.132080	3017.289307	
798	751.180054	3601.273438	3656.546631	3580.366699	3576.906738	3601.366699	3605.913330	3606.639893	3017.726562	
799	750.516479	3601.000000	3656.741699	3579.000000	3578.741699	3601.483398	3610.675781	3603.516602	3018.000000	
800	750.755920	3602.511963	3661.535645	3575.976318	3576.732178	3596.708496	3606.952393	3592.416992	3014.976318	
801	747.921265	3607.618164	3669.157471	3578.078613	3576.000000	3605.775635	3605.769775	3595.157471	3014.000000	
802	750.132080	3607.433838	3665.518799	3579.000000	3576.782959	3603.518799	3604.433838	3593.867920	3017.915039	
803	742.236084	3609.390137	3667.186768	3578.203369	3576.203369	3607.577148	3610.373779	3593.796631	3023.780273	
804	748.104431	3606.758301	3668.000000	3575.568604	3571.947754	3605.758301	3609.568604	3589.947754	3025.810547	
805	750.824280	3601.054443	3663.878662	3579.945557	3574.297119	3609.121338	3611.472656	3587.351562	3023.527344	
806	756.023987	3599.162598	3665.511963	3576.813477	3569.976074	3604.976074	3606.976074	3585.325439	3027.186523	
807	753.598267	3604.953125	3663.448730	3581.102539	3570.700928	3607.401855	3612.803467	3594.354736	3033.102539	
808	757.316162	3603.410400	3663.863281	3576.820557	3572.726562	3604.547119	3605.367676	3591.683838	3032.273438	
809	753.616699	3599.493408	3669.260010	3582.136719	3577.383301	3610.136719	3616.273193	3592.753418	3033.753418	
810	758.341980	3600.780762	3665.548340	3581.219238	3571.767578	3606.548340	3614.438721	3584.987061	3032.219238	
811	752.664978	3596.475098	3672.239990	3582.810059	3573.715088	3603.284912	3614.905029	3595.765137	3034.715088	
812	755.679199	3598.759277	3669.320801	3583.000000	3566.641602	3606.679199	3614.080322	3593.320801	3034.080322	
813	751.325684	3597.130371	3677.413818	3584.869629	3573.479004	3609.804688	3612.130371	3597.674316	3036.804688	
814	746.249390	3604.600830	3674.199463	3587.850342	3567.349121	3607.149658	3612.950195	3591.349121	3036.049805	
815	750.830627	3600.169434	3683.661133	3588.966064	3572.796631	3607.000000	3615.898438	3597.762939	3035.033936	
816	751.000000	3600.981934	3673.199463	3585.072510	3569.072510	3602.090576	3609.126953	3597.018066	3034.018066	
817	751.000000	3604.990967	3675.993164	3582.006836	3569.000000	3602.000000	3610.995605	3598.995605	3032.004395	
818	750.039551	3605.894531	3676.079102	3588.986816	3569.065918	3598.052734	3610.920898	3594.013184	3035.907715	
819	752.940247	3598.119385	3681.910400	3587.880615	3573.820801	3602.000000	3605.000000	3595.029785	3029.059814	
820	750.953247	3602.000000	3679.187012	3584.560791	3568.280518	3602.093506	3605.000000	3596.280518	3030.953369	
821	750.000000	3602.193115	3682.420898	3594.777588	3573.935547	3603.871338	3604.871338	3601.614014	3030.064453	
822	750.000000	3605.081543	3673.755127	3577.489502	3573.326416	3602.407959	3603.407959	3596.489502	3031.081543	
823	750.198303	3605.008545	3671.594971	3582.702637	3576.504150	3606.504150	3607.008545	3601.206787	3032.000000	
824	751.884033	3596.115967	3676.304199	3579.884033	3572.695801	3602.695801	3598.695801	3594.231934	3032.347900	
825	751.265137	3597.132568	3670.072021	3579.397705	3576.939453	3607.337158	3604.000000	3594.806885	3035.000000	
826	752.553162	3597.553223	3664.744629	3581.404297	3571.638428	3603.148926	3604.148926	3588.936279	3034.553223	
827	750.332581	3595.498779	3668.501221	3578.000000	3580.002441	3602.835938	3604.168701	3597.838379	3032.166260	
828	751.450195	3597.450195	3666.916260	3578.000000	3574.633545	3598.832764	3601.466064	3589.932373	3033.183350	
829	748.799866	3596.200928	3671.000000	3577.799805	3572.599609	3604.998535	3607.199463	3601.799072	3033.199463	
830	748.650024	3600.133301	3671.649902	3576.350098	3573.816650	3598.083252	3604.433350	3598.300049	3030.866699	
831	749.831055	3597.000000	3673.766113	3573.532471	3583.532471	3601.298584	3605.298584	3601.363525	3033.298584	
832	746.752686	3598.254395	3673.501709	3573.505371	3581.749023	3600.254395	3604.756348	3596.250977	3031.752686	
833	748.732056	3601.196045	3673.660156	3576.124268	3578.052490	3601.588379	3607.320312	3597.000000	3032.660156	
834	749.424622	3599.284912	3671.139648	3572.709473	3573.704102	3595.854736	3602.564453	3597.000000	3029.854736	
835	752.395874	3598.187500	3670.979248	3574.281250	3579.979248	3596.791748	3607.791748	3596.093750	3032.302002	
836	751.000000	3594.000000	3665.593750	3568.318848	3574.593750	3595.912598	3604.681152	3593.681152	3033.318848	
837	750.329346	3592.323486	3671.011963	3567.658691	3580.347168	3598.323486	3604.000000	3595.011963	3034.000000	
838	750.056091	3591.816406	3673.591797	3567.112305	3587.112305	3599.224365	3606.464355	3599.352051	3033.647949	
839	752.369019	3595.892822	3669.892822	3569.523926	3590.630859	3605.523926	3608.047607	3598.523926	3033.000000	
840	751.071960	3595.156738	3667.614502	3569.313721	3588.072021	3604.542480	3604.927979	3597.542480	3034.542480	
841	749.607361	3600.616699	3668.205566	3570.990723	3587.411133	3606.196289	3608.803711	3599.196289	3035.794434	
842	751.582092	3602.656494	3666.656494	3569.671631	3591.000000	3607.507568	3609.164062	3596.328369	3033.582031	
843	753.171387	3598.434326	3663.737061	3569.394287	3590.565674	3609.697266	3606.697266	3594.434326	3035.605713	
844	752.392883	3598.549072	3665.549072	3569.607178	3590.450928	3608.450928	3605.450928	3595.000000	3034.490967	
845	748.935120	3599.870117	3665.000000	3571.194824	3589.597412	3609.935059	3606.000000	3595.467529	3032.272705	
846	752.421265	3600.062988	3665.000000	3569.937012	3588.968506	3611.000000	3606.968506	3596.968506	3036.000000	
847	752.995056	3599.503662	3663.496338	3568.992432	3588.496338	3608.995117	3608.501221	3592.987549	3034.496338	
848	750.481750	3599.445312	3661.481689	3567.554688	3586.481689	3611.145996	3610.554688	3592.664062	3033.000000	
849	748.929382	3599.070557	3662.070557	3567.929443	3585.464600	3612.323486	3607.717529	3594.858887	3033.000000	
850	745.790283	3596.133057	3660.790283	3571.971924	3585.552490	3607.790283	3607.866943	3591.342773	3031.895264	
851	746.278809	3594.139404	3654.442383	3571.442383	3583.151611	3605.430420	3607.012207	3590.000000	3032.708984	
852	746.826294	3596.173828	3656.281738	3575.629150	3584.521240	3607.347412	3606.347412	3593.521240	3032.826172	
853	748.413025	3598.206543	3655.174072	3576.174072	3582.777100	3605.983643	3607.396729	3591.174072	3030.190186	
854	748.762268	3602.094238	3657.569824	3576.713135	3581.237793	3606.475586	3606.381104	3590.475586	3031.475586	
855	749.902771	3594.486084	3659.731445	3576.462891	3582.634277	3602.291748	3605.365723	3588.194336	3030.462891	
856	752.949036	3594.197510	3659.649658	3578.248291	3582.350342	3600.948975	3605.000000	3589.248291	3029.649658	
857	750.674927	3600.324951	3658.669922	3579.334961	3582.000000	3600.004883	3605.000000	3591.665039	3034.655029	
858	749.680054	3602.679932	3664.800293	3579.679932	3583.360107	3603.080322	3609.080322	3601.520508	3037.000000	
859	750.000000	3603.000000	3661.743164	3586.256836	3583.304688	3602.914307	3608.914307	3601.828857	3031.438477	
860	750.710815	3603.000000	3663.265137	3584.024170	3586.554199	3598.445801	3608.710938	3604.265137	3034.686768	
861	752.455017	3602.272461	3662.817383	3578.362549	3583.635010	3596.272461	3602.452393	3604.544922	3037.000000	
862	757.473328	3607.218750	3665.727783	3577.000000	3579.763428	3594.508789	3600.000000	3605.491211	3037.745605	
863	755.179382	3601.358643	3667.000000	3578.528320	3572.886963	3595.528320	3603.056396	3602.943604	3035.707520	
864	751.652588	3599.782471	3659.957764	3578.217529	3571.782471	3594.435059	3603.217529	3599.652588	3035.000000	
865	751.800781	3600.800781	3658.800781	3578.000000	3570.398438	3593.199219	3602.199219	3597.398438	3033.398438	
866	752.819824	3604.279297	3658.180176	3578.000000	3576.558594	3599.558594	3602.819824	3607.657715	3029.720703	
867	748.802795	3602.481689	3655.481689	3574.642334	3574.642334	3596.802734	3603.000000	3600.766113	3032.357666	
868	748.000000	3602.000000	3660.152588	3577.435059	3576.576416	3602.011475	3606.435059	3605.011475	3033.000000	
869	747.122131	3602.000000	3653.099365	3576.244385	3574.366455	3602.122070	3600.854980	3594.587891	3033.000000	
870	744.308838	3602.896973	3663.661621	3577.794189	3577.588135	3602.896973	3603.588135	3605.558594	3031.205811	
871	749.490662	3603.915039	3654.018555	3572.509277	3578.915039	3599.339600	3600.339600	3600.594238	3029.169678	
872	749.067566	3606.797119	3661.391602	3575.729736	3579.932373	3603.662109	3605.594482	3609.323975	3027.135254	
873	747.102966	3605.103027	3661.051514	3578.845703	3578.103027	3606.845703	3605.051514	3609.051514	3027.000000	
874	746.035522	3610.787109	3659.071045	3582.857910	3582.822510	3605.071045	3610.787109	3612.857910	3021.212891	
875	749.920044	3611.000000	3659.000000	3578.099854	3576.139893	3604.020020	3601.199951	3604.179932	3019.040039	
876	753.982056	3602.040527	3657.009033	3576.009033	3567.040527	3598.026855	3599.009033	3606.986572	3011.035889	
877	754.031372	3598.041748	3660.958252	3572.979004	3565.052246	3601.968506	3604.020996	3607.010498	3012.958252	
878	756.974060	3601.896240	3656.818359	3570.844238	3569.870117	3598.870117	3605.818359	3607.714600	3009.103760	
879	756.000000	3598.248535	3650.165771	3565.290039	3565.082764	3594.248535	3599.207031	3597.248535	3013.248535	
880	755.831055	3603.943604	3653.831055	3572.112549	3567.000000	3600.056396	3604.281494	3603.056396	3019.506836	
881	752.859863	3602.859863	3651.420410	3574.210205	3566.859863	3600.719727	3609.070068	3604.140137	3028.420410	
882	751.165710	3600.668701	3656.585693	3576.005859	3564.420166	3597.082764	3609.751465	3605.585693	3034.414307	
883	753.000000	3597.473877	3652.284424	3565.379150	3558.189697	3598.758301	3606.431152	3601.094727	3039.568848	
884	752.360535	3601.147461	3655.106689	3568.253906	3559.893311	3604.934326	3601.106689	3601.573730	3045.106689	
885	747.236206	3595.062744	3657.180908	3563.062744	3559.708496	3596.236084	3602.590576	3599.062744	3046.118164	
886	749.259521	3603.000000	3666.000000	3570.091797	3564.480957	3598.389160	3605.832275	3605.832275	3046.870361	
887	750.433838	3603.000000	3666.707764	3564.424561	3561.707764	3601.707764	3598.707764	3598.990723	3046.283203	
888	747.615234	3603.769043	3669.923340	3566.692383	3565.230957	3604.769531	3601.615723	3603.769531	3047.692383	
889	751.166992	3607.332031	3665.669922	3566.001953	3562.836914	3598.333984	3595.001953	3597.667969	3045.833008	
890	752.361572	3603.276855	3671.830566	3569.915283	3571.638428	3599.819092	3598.915283	3600.095947	3045.361572	
891	753.805725	3600.971436	3662.971436	3565.194336	3571.359863	3599.777100	3596.525391	3596.000000	3046.417236	
892	752.376831	3605.623047	3665.961426	3566.207764	3575.338135	3604.038574	3607.415527	3597.246338	3044.000000	
893	749.778198	3608.665527	3664.439941	3568.330811	3569.665527	3609.330811	3610.330811	3602.000000	3043.778076	
894	749.236084	3607.931152	3670.403320	3571.819824	3572.000000	3612.111572	3612.403320	3601.291748	3042.055664	
895	750.499451	3599.248535	3661.500488	3569.498291	3571.000977	3606.999023	3604.499512	3599.999023	3038.250732	
896	751.736816	3602.736816	3660.263184	3572.420898	3568.000000	3608.684082	3604.947266	3601.157715	3037.052734	
897	750.722961	3604.770264	3661.831055	3569.108154	3569.108154	3605.277100	3603.385254	3597.662109	3038.891846	
898	749.126526	3612.291260	3664.873535	3572.000000	3571.126465	3603.670654	3606.417725	3601.708740	3036.291260	
899	748.222412	3611.777588	3664.860840	3573.222412	3568.694336	3597.694336	3605.305664	3601.916748	3035.471924	
900	750.359680	3608.359619	3659.679932	3575.359619	3567.039551	3595.719238	3603.438721	3604.000000	3032.320068	
901	748.665283	3608.338867	3662.012207	3576.008301	3565.669434	3596.346924	3601.346924	3607.012207	3033.669434	
902	750.093933	3610.302002	3665.906006	3576.510254	3563.161133	3599.510254	3604.859131	3609.510254	3035.000000	
903	751.458862	3610.815186	3663.815186	3572.904053	3561.082275	3594.089111	3600.815186	3604.089111	3035.363037	
904	749.639893	3613.622803	3667.377197	3577.622803	3566.228760	3595.622803	3602.491455	3607.508545	3036.754150	
905	754.000000	3614.957275	3670.348633	3575.042725	3562.348633	3596.565674	3600.000000	3611.565674	3037.608643	
906	754.811768	3613.940918	3670.752930	3570.376465	3565.593994	3595.752930	3599.188232	3608.317383	3036.188232	
907	756.420227	3608.000000	3666.840332	3569.260742	3567.101074	3593.521240	3599.680908	3599.579834	3034.159668	
908	757.000000	3609.302734	3668.000000	3570.565674	3569.565674	3595.697266	3600.697266	3599.868408	3034.302734	
909	756.104004	3611.447998	3669.791992	3573.135986	3574.375977	3599.375977	3604.375977	3601.447998	3036.447998	
910	752.693787	3613.844971	3671.538818	3576.538818	3579.616211	3606.461182	3610.077393	3602.000000	3038.383789	
911	751.895691	3616.473877	3674.317383	3578.843506	3577.526123	3608.421875	3612.317383	3602.947754	3037.156494	
912	753.027344	3617.000000	3676.054688	3578.109375	3579.431641	3605.136719	3613.082031	3605.458984	3035.945312	
913	751.501892	3616.501953	3674.000000	3575.992432	3581.003662	3605.479248	3609.501953	3607.498047	3037.003662	
914	750.490662	3616.000000	3672.471924	3575.453369	3578.471924	3608.453369	3609.509277	3603.925293	3036.000000	
915	751.040894	3611.315918	3671.520508	3571.959229	3577.000000	3599.754639	3609.479492	3601.040771	3036.000000	
916	752.531738	3610.190430	3670.404785	3571.531738	3576.468262	3594.531738	3606.873047	3597.745850	3036.531738	
917	751.913635	3615.172607	3674.974854	3574.715820	3579.802246	3598.802246	3608.259033	3599.431641	3037.000000	
918	751.000000	3615.337891	3671.135254	3573.675781	3579.675781	3598.121582	3609.337891	3602.337891	3038.662109	
919	752.128601	3611.742676	3666.257324	3568.742676	3574.742676	3595.564209	3604.614258	3601.564209	3037.742676	
920	752.425903	3610.574219	3667.425781	3565.851807	3575.870605	3596.574219	3597.407227	3598.555420	3033.703613	
921	752.000000	3611.000000	3668.750732	3567.917969	3580.334473	3600.501465	3599.835938	3603.586670	3034.334473	
922	750.221619	3611.000000	3671.185547	3568.814453	3578.443115	3600.036133	3601.628906	3607.814453	3035.407227	
923	748.398621	3611.601318	3668.992920	3569.804199	3579.608398	3601.608398	3602.405518	3610.007080	3036.202881	
924	747.390137	3610.170410	3667.000000	3572.829590	3582.000000	3605.219727	3602.170410	3612.000000	3035.780273	
925	745.764526	3608.382324	3669.470947	3573.382324	3585.088623	3609.088623	3601.000000	3614.470947	3035.617676	
926	749.371765	3606.750977	3666.628174	3569.877197	3587.000000	3602.881104	3600.375488	3610.379150	3034.750977	
927	752.000000	3610.412598	3665.260742	3572.412598	3585.108887	3602.412598	3603.151855	3607.630371	3034.000000	
928	752.635620	3608.550537	3665.364258	3571.821777	3584.635742	3599.915039	3603.728760	3609.271240	3035.271240	
929	753.000000	3607.281494	3666.922363	3573.204102	3586.281494	3603.407959	3608.767090	3609.359131	3036.640869	
930	753.000000	3606.063721	3666.063721	3576.290771	3585.709229	3603.772705	3612.645508	3609.645508	3036.354492	
931	754.948669	3605.649658	3663.051270	3576.350342	3585.649658	3603.299072	3613.000000	3606.102539	3034.051270	
932	755.346436	3604.039307	3663.307129	3576.000000	3582.732178	3600.078613	3607.771484	3604.653564	3036.921387	
933	756.314331	3607.600098	3668.600098	3576.657227	3581.000000	3601.943115	3611.571777	3603.685547	3035.714111	
934	755.679260	3605.377441	3663.075684	3573.698242	3577.037842	3600.698242	3611.037842	3599.698242	3032.679199	
935	753.673462	3605.653076	3659.663330	3575.316406	3576.989746	3601.653076	3613.642822	3598.000000	3030.673340	
936	750.335144	3609.664795	3665.329590	3577.666260	3579.332520	3603.000000	3612.668945	3601.997314	3032.664795	
937	747.661682	3609.661621	3670.007568	3578.669189	3580.669189	3605.007568	3618.360840	3606.676758	3034.669189	
938	748.343201	3606.985352	3665.627197	3580.343262	3578.313721	3601.970459	3617.298828	3601.955811	3035.671631	
939	753.716614	3605.326172	3665.021484	3579.652344	3575.652344	3602.021484	3615.673828	3603.042725	3033.978516	
940	748.563782	3607.704102	3664.647949	3576.971924	3575.676025	3600.971924	3613.971924	3602.971924	3035.028076	
941	747.034546	3608.321777	3666.712646	3578.034668	3584.816406	3601.356445	3616.390869	3603.356445	3036.678223	
942	748.000000	3610.720459	3672.760742	3575.599609	3586.279541	3601.319824	3615.959717	3605.360107	3036.319824	
943	748.681458	3609.274170	3670.911133	3575.363037	3587.725830	3605.088867	3613.636963	3608.725830	3036.000000	
944	744.903931	3610.730713	3667.634521	3573.951904	3584.903809	3604.269287	3613.682617	3605.903809	3037.365479	
945	746.420288	3609.263672	3663.579590	3570.947754	3584.368164	3605.052246	3613.315918	3606.052246	3035.947754	
946	748.685242	3608.685303	3664.055664	3567.944336	3589.111572	3605.314697	3609.573730	3603.573730	3037.055664	
947	754.491150	3604.195312	3663.627197	3571.118408	3589.627197	3605.686279	3608.686279	3606.118408	3036.627197	
948	754.249512	3604.062988	3660.937012	3571.624756	3589.000000	3603.937012	3605.561768	3601.811279	3038.062988	
949	752.310852	3604.310791	3663.445557	3571.689209	3591.067383	3605.756592	3608.134766	3602.445557	3040.378174	
950	751.309204	3603.309326	3662.236816	3569.236816	3590.618408	3603.546143	3603.782959	3601.236816	3038.927734	
951	752.384949	3605.077393	3659.614990	3572.847412	3587.230225	3599.922607	3604.462402	3600.692383	3035.230225	
952	753.695129	3599.048584	3657.609619	3572.219482	3586.695068	3596.914551	3601.134033	3600.304932	3035.390381	
953	751.904175	3598.095703	3659.095703	3577.986084	3585.602783	3599.492920	3600.397217	3600.000000	3035.301514	
954	753.108459	3595.485840	3655.080322	3579.594482	3581.485840	3595.377441	3598.188721	3593.674805	3035.702881	
955	756.122925	3597.538086	3651.584717	3581.122803	3584.953369	3594.415283	3597.707520	3596.661133	3033.169434	
956	749.869446	3597.573975	3658.130615	3583.426025	3586.286865	3596.426025	3600.139160	3599.000000	3036.278320	
957	748.438110	3604.190674	3661.718994	3587.595215	3585.281006	3604.909668	3606.033447	3604.752441	3036.561768	
958	750.450928	3603.372559	3656.921631	3582.470703	3586.450928	3598.568848	3610.176514	3608.450928	3036.000000	
959	747.338623	3604.196777	3663.054932	3582.929199	3585.535400	3600.125977	3613.929199	3610.464600	3034.535400	
960	748.956970	3607.217773	3663.782227	3584.000000	3585.000000	3600.521484	3610.564453	3611.000000	3033.260742	
961	747.761780	3603.523682	3667.476318	3583.253906	3586.492188	3604.476318	3613.476318	3611.000000	3036.730225	
962	751.513916	3604.257080	3665.238281	3579.990723	3586.247559	3602.990723	3613.495361	3610.247559	3035.742920	
963	753.000000	3601.966309	3666.275391	3579.000000	3589.033691	3603.516846	3609.207764	3610.000000	3032.724609	
964	749.940796	3603.294434	3666.235107	3581.294434	3582.352051	3598.646484	3611.823975	3607.705566	3032.000000	
965	749.000000	3604.000000	3667.542725	3585.085449	3583.856934	3607.027832	3616.085449	3607.000000	3034.314209	
966	752.890198	3606.333984	3665.666016	3578.219727	3578.775635	3601.441650	3615.443848	3602.331787	3034.221924	
967	751.643433	3605.428955	3672.069580	3579.142090	3578.571045	3601.356445	3618.927490	3608.855225	3033.214600	
968	751.000000	3605.000000	3671.620361	3586.345459	3579.793213	3603.586426	3616.827148	3605.447754	3033.793213	
969	746.995911	3600.195068	3671.000000	3582.394287	3579.199219	3599.995850	3618.402344	3604.800781	3034.000000	
970	753.273010	3598.191895	3671.000000	3581.000000	3578.191895	3599.000000	3620.616211	3604.191895	3032.383789	
971	750.107605	3599.630859	3671.000000	3583.446289	3578.000000	3601.446289	3621.815430	3601.553711	3034.446289	
972	747.354919	3599.177490	3663.597168	3583.177490	3568.952148	3598.709961	3613.774658	3604.290039	3035.000000	
973	751.146973	3602.317627	3662.000000	3588.805664	3571.976318	3598.829346	3616.146973	3606.658691	3039.146973	
974	753.672607	3598.818604	3666.181396	3586.654785	3571.327393	3597.327393	3615.327393	3602.818604	3038.327393	
975	753.156860	3598.000000	3668.686279	3590.215820	3571.843262	3600.372559	3611.627441	3602.843262	3038.843262	
976	747.902893	3598.849609	3665.601807	3588.451416	3572.000000	3599.301025	3613.548584	3598.752441	3041.548584	
977	746.144592	3606.698975	3668.421631	3590.566406	3573.710938	3601.566406	3616.566406	3603.132568	3037.722900	
978	751.162354	3597.675293	3662.116943	3584.116943	3572.279297	3595.116943	3610.977295	3595.395996	3037.000000	
979	754.595276	3602.055664	3664.460449	3586.460449	3577.190674	3598.325439	3612.595215	3600.920654	3034.404785	
980	751.519836	3596.909668	3659.779785	3580.039795	3570.169678	3593.779785	3610.389893	3594.169678	3037.480225	
981	747.499146	3607.377930	3666.876953	3584.251221	3576.001709	3607.878662	3612.625732	3602.627441	3039.750488	
982	750.523682	3605.476318	3666.238281	3574.428955	3568.190918	3601.190918	3612.119141	3594.309814	3036.476318	
983	756.320374	3601.453125	3662.453125	3580.093750	3566.113281	3603.546875	3611.113281	3602.754150	3032.453125	
984	750.754456	3603.676758	3663.784424	3574.754395	3567.784424	3600.431152	3604.754395	3597.754395	3035.568848	
985	751.794922	3609.384766	3664.000000	3582.077148	3569.794922	3601.794922	3606.692383	3603.282227	3036.000000	
986	752.902588	3602.779053	3662.194824	3578.487061	3568.194824	3598.389648	3608.805176	3599.487061	3033.292236	
987	757.540833	3605.632568	3663.816406	3578.908203	3563.459229	3601.632568	3607.183594	3600.816406	3027.551025	
988	754.343811	3608.742188	3665.828125	3581.742188	3564.828125	3599.257812	3602.429688	3597.343750	3029.742188	
989	750.320496	3610.839844	3667.839844	3582.000000	3567.759766	3606.359131	3604.759766	3604.359131	3032.759766	
990	754.626099	3609.149658	3667.074707	3576.448730	3567.074707	3603.299072	3604.074707	3603.149658	3032.074707	
991	749.417358	3609.930420	3668.860840	3576.930420	3565.139160	3603.930420	3604.000000	3606.721680	3028.278320	
992	746.192566	3612.807373	3669.935791	3581.678955	3565.935791	3604.000000	3605.871582	3604.192627	3032.678955	
993	745.059021	3610.177246	3672.822754	3585.763916	3573.527588	3606.822754	3611.645752	3604.940918	3032.059082	
994	748.781738	3606.218262	3665.436523	3577.490967	3564.545654	3599.436523	3604.436523	3604.054443	3032.000000	
995	749.949524	3605.050537	3670.697021	3573.201904	3572.545654	3599.000000	3598.302979	3605.898926	3032.000000	
996	748.093018	3605.000000	3671.000000	3575.860596	3573.000000	3600.906982	3608.488525	3605.046387	3034.860596	
997	748.957336	3604.042725	3670.042725	3578.872070	3576.829346	3600.042725	3604.213379	3605.957275	3033.085205	
998	752.842346	3597.275879	3664.236572	3572.275879	3572.197021	3598.078857	3600.157715	3598.315430	3033.960693	
999	753.963440	3602.780518	3673.634277	3571.036621	3573.926758	3600.890381	3607.707520	3597.036621	3034.963379	
1000	750.133484	3602.033447	3674.966553	3579.699707	3577.866455	3597.133545	3608.000000	3598.933350	3035.000000	
1001	749.030212	3605.879150	3672.090576	3584.848877	3578.969727	3599.909424	3606.060547	3600.939453	3035.969727	
1002	749.972473	3605.027588	3667.137695	3577.220215	3578.027588	3593.192871	3606.000000	3597.110107	3034.055176	
1003	749.025146	3601.100586	3670.899414	3577.000000	3578.974854	3594.949707	3609.899414	3597.974854	3033.025146	
1004	749.977234	3598.068359	3670.022705	3568.205078	3579.977295	3593.045654	3603.159424	3592.136719	3036.908936	
1005	748.040405	3599.959717	3672.939453	3578.777832	3591.757568	3605.737549	3607.898926	3600.818359	3036.020264	
1006	750.946106	3600.981934	3671.035889	3571.143799	3587.089844	3601.089844	3612.910156	3598.053955	3036.000000	
1007	745.098572	3601.000000	3668.049316	3573.950684	3587.983643	3599.032959	3614.967041	3603.901367	3036.000000	
1008	747.954651	3601.984863	3672.924316	3572.030273	3587.015137	3605.894043	3613.030273	3605.969727	3039.939453	
1009	750.957642	3602.985840	3663.141357	3575.943604	3585.028320	3605.014160	3615.957520	3597.127197	3033.098877	
1010	748.038757	3595.103271	3669.909668	3574.025879	3583.025879	3598.090332	3608.103271	3597.000000	3035.961182	
1011	751.954163	3603.896973	3671.977051	3579.931152	3588.931152	3603.931152	3618.874023	3603.919678	3037.977051	
1012	753.981201	3597.065918	3672.990479	3574.056396	3584.047119	3598.056396	3611.075195	3602.018799	3038.990479	
1013	751.021545	3598.985596	3669.028809	3581.942383	3590.949707	3607.928223	3611.992920	3607.956787	3037.014404	
1014	750.005188	3605.963623	3666.015625	3584.984375	3590.005127	3609.989502	3611.005127	3601.036377	3039.984375	
1015	741.035095	3614.964844	3680.941650	3595.957031	3603.945557	3613.984375	3628.929932	3613.949463	3043.984375	
1016	735.015137	3620.984863	3682.994873	3599.989990	3604.997559	3620.982422	3627.005127	3619.984863	3044.997559	
1017	721.011780	3635.987305	3697.987305	3621.981445	3618.988281	3638.984863	3646.983154	3633.988281	3058.988281	
1018	716.994934	3643.005615	3701.008301	3624.005615	3620.007812	3637.009277	3646.006836	3640.003662	3064.002686	
1019	705.999207	3655.003174	3718.999268	3636.000000	3636.998535	3656.994629	3661.000000	3648.000732	3070.003906	
1020	705.000000	3658.998291	3718.001709	3636.005859	3635.014160	3650.011719	3661.006592	3649.003418	3074.999268	
1021	705.000000	3657.000000	3720.000000	3643.000000	3652.000000	3664.000000	3669.000000	3653.000000	3074.000000	
1022	707.999329	3657.000000	3715.001221	3633.002197	3641.002441	3658.001465	3669.000000	3650.000732	3074.999756	
1023	709.998657	3646.007568	3712.001953	3620.009033	3623.012451	3646.008301	3654.010254	3634.010986	3070.003418	
1024	
1025	
